property_key,postcode,paon,street,property_type,deed_date,price_paid,avm_estimate,captured_date,source_url,listing_visible
1061746E-3905-3C34-E063-4804A8C0F9E7,UB3 1AH,18,ROSTREVOR GARDENS,S,2024-01-03,420000,,,,
1C3E72FE-6549-F410-E063-4804A8C0DFA6,UB3 2QJ,43,CRANMER ROAD,T,2024-01-04,480000,,,,
1C3E72FD-C570-F410-E063-4804A8C0DFA6,UB3 2LN,102,CHURCH ROAD,S,2024-01-10,575000,,,,
1775CCF6-D944-38BA-E063-4704A8C05A7C,UB3 5LT,27,WEST END LANE,F,2024-01-11,280000,,,,
1A0C5C64-0049-7CBE-E063-4804A8C06C96,UB3 5EH,23,SIPSON LANE,S,2024-01-12,550000,,,,
2131FCF6-4556-86E8-E063-4804A8C0372B,UB3 1JU,52,PRINCES PARK LANE,T,2024-01-12,266500,,,,
1A0C5C64-013F-7CBE-E063-4804A8C06C96,UB3 2LW,142,CHURCH ROAD,T,2024-01-13,450000,,,,
2F7F2B43-BE99-E08F-E063-4804A8C05A49,UB3 5AR,4,MONDIAL WAY,F,2024-01-14,181000,,,,
31C68072-DE71-FEE3-E063-4804A8C04F37,UB3 4LE,114,CRANFORD DRIVE,T,2024-01-16,410000,,,,
152AB733-FD5B-E651-E063-4704A8C061D9,UB3 3AW,28,HUGHES ROAD,S,2024-01-17,500000,,,,
1A0C5C63-7DA4-7CBE-E063-4804A8C06C96,UB3 4QP,11,GORDON CRESCENT,S,2024-01-19,515000,,,,
1A0C5C63-7E42-7CBE-E063-4804A8C06C96,UB3 2NG,13,LANNOCK ROAD,S,2024-01-19,525000,,,,
2859C1AB-76EE-52B4-E063-4804A8C05948,UB3 4GE,"FORASTERO HOUSE, 24",FARINE AVENUE,F,2024-01-19,515000,,,,
1C3E72FE-E8ED-F410-E063-4804A8C0DFA6,UB3 4EX,69,WOOLACOMBE WAY,T,2024-01-23,435000,,,,
1A0C5C64-0169-7CBE-E063-4804A8C06C96,UB3 2QU,21,WAYLANDS,T,2024-01-25,445000,,,,
1C3E72FF-0F56-F410-E063-4804A8C0DFA6,UB3 3JN,9,MINET DRIVE,S,2024-01-29,790000,,,,
25E9DA80-5C07-555E-E063-4704A8C066F2,UB3 1FP,7,GRAMOPHONE LANE,F,2024-01-31,250000,,,,
4777E0AF-9AFC-5D59-E063-4804A8C09F8E,UB3 3PD,129,BIRCHWAY,T,2024-01-31,485000,,,,
25E9DA80-5C08-555E-E063-4704A8C066F2,UB3 1FN,14,POWERHOUSE LANE,F,2024-01-31,250000,,,,
1C3E72FE-695B-F410-E063-4804A8C0DFA6,UB3 4HD,142,CLEAVE AVENUE,T,2024-01-31,399950,,,,
1775CCF7-F54A-38BA-E063-4704A8C05A7C,UB3 2QJ,27,CRANMER ROAD,T,2024-01-31,390000,,,,
1A0C5C64-012F-7CBE-E063-4804A8C06C96,UB3 1PJ,67,PINKWELL LANE,S,2024-01-31,475000,,,,
12A8BAB6-6A49-2125-E063-4804A8C08CC1,UB3 1QA,9,GLAMIS CRESCENT,T,2024-02-02,520000,,,,
31C68072-DF04-FEE3-E063-4804A8C04F37,UB3 2BQ,29,EVERGREEN WAY,F,2024-02-02,270000,,,,
1C3E72FE-69EE-F410-E063-4804A8C0DFA6,UB3 2QB,23,TUDOR ROAD,T,2024-02-05,390000,,,,
25E9DA80-57D9-555E-E063-4704A8C066F2,UB3 1DZ,"BOILER HOUSE, 2",MATERIAL WALK,F,2024-02-06,360000,,,,
1C3E72FD-C97B-F410-E063-4804A8C0DFA6,UB3 5NL,12,RAYWOOD CLOSE,S,2024-02-06,375000,,,,
1EAE3DF7-4603-9EB1-E063-4704A8C09D02,UB3 5AE,28,DAVID CLOSE,F,2024-02-07,100000,,,,
12A8BAB7-0113-2125-E063-4804A8C08CC1,UB3 2QJ,49,CRANMER ROAD,T,2024-02-08,425000,,,,
12A8BAB6-6F37-2125-E063-4804A8C08CC1,UB3 2RG,9,ROSEDALE AVENUE,T,2024-02-12,390000,,,,
1A0C5C63-E47E-7CBE-E063-4804A8C06C96,UB3 3PZ,97,AVONDALE DRIVE,T,2024-02-13,475000,,,,
1EAE3DF6-C38F-9EB1-E063-4704A8C09D02,UB3 1NG,26,PINKWELL AVENUE,S,2024-02-14,475000,,,,
1C3E72FE-655A-F410-E063-4804A8C0DFA6,UB3 2TT,23,KINGSWAY,S,2024-02-14,490000,,,,
1A0C5C63-0629-7CBE-E063-4804A8C06C96,UB3 2TW,45,YORK AVENUE,S,2024-02-14,515000,,,,
1C3E72FE-64C4-F410-E063-4804A8C0DFA6,UB3 2RW,12,THE GREEN,T,2024-02-14,480000,,,,
237B17FE-E15C-22AC-E063-4804A8C0EA3A,UB3 1JG,31,CHESTNUT CLOSE,T,2024-02-16,455000,,,,
1C3E72FE-69D6-F410-E063-4804A8C0DFA6,UB3 1QL,32,BOURNE AVENUE,T,2024-02-16,470000,,,,
12A8BAB6-E22A-2125-E063-4804A8C08CC1,UB3 5BQ,89,NEW ROAD,T,2024-02-19,400000,,,,
1EAE3DF6-2296-9EB1-E063-4704A8C09D02,UB3 2BE,91,BOTWELL CRESCENT,F,2024-02-21,300000,,,,
1A0C5C63-8101-7CBE-E063-4804A8C06C96,UB3 5LU,63,WEST END LANE,F,2024-02-21,350000,,,,
1A0C5C63-E42E-7CBE-E063-4804A8C06C96,UB3 1EE,11,MASONRY PLACE,F,2024-02-22,99971,,,,
2ACACE8D-7BF8-295E-E063-4804A8C0B0EB,UB3 1EG,"QUARTZ HOUSE, 15",MASONRY PLACE,F,2024-02-22,80886,,,,
1C3E72FE-EA60-F410-E063-4804A8C0DFA6,UB3 1DU,UNIT 11,CROWN TRADING CENTRE,F,2024-02-22,80886,,,,
2D4D7609-C62A-BDF9-E063-4804A8C0672F,UB3 1EG,"QUARTZ HOUSE, 15",MASONRY PLACE,F,2024-02-22,80886,,,,
1A0C5C63-E42D-7CBE-E063-4804A8C06C96,UB3 1EE,13,MASONRY PLACE,F,2024-02-22,85430,,,,
1A0C5C63-E42C-7CBE-E063-4804A8C06C96,UB3 1EE,17,MASONRY PLACE,F,2024-02-22,85430,,,,
2ACACE8D-7BF7-295E-E063-4804A8C0B0EB,UB3 1EG,"QUARTZ HOUSE, 15",MASONRY PLACE,F,2024-02-22,80886,,,,
152AB734-866E-E651-E063-4704A8C061D9,UB3 1DB,87,BLYTH ROAD,T,2024-02-23,505000,,,,
2D4D7608-936E-BDF9-E063-4804A8C0672F,UB3 4GE,"FORASTERO HOUSE, 24",FARINE AVENUE,F,2024-02-23,580000,,,,
2ACACE8C-894C-295E-E063-4804A8C0B0EB,UB3 4GE,"FORASTERO HOUSE, 24",FARINE AVENUE,F,2024-02-23,522000,,,,
1C3E72FD-C97E-F410-E063-4804A8C0DFA6,UB3 2NP,GOWER HOUSE,BARRA HALL CIRCUS,F,2024-02-23,165000,,,,
1775CCF7-67B3-38BA-E063-4704A8C05A7C,UB3 1QE,3,DENBIGH DRIVE,S,2024-02-23,362500,,,,
25E9DA81-E485-555E-E063-4704A8C066F2,UB3 1TE,128,WALTHAM AVENUE,T,2024-02-23,570000,,,,
2859C1AC-3AD3-52B4-E063-4804A8C05948,UB3 5LR,11,CHEVIOT CLOSE,S,2024-02-26,499950,,,,
25E9DA80-5713-555E-E063-4704A8C066F2,UB3 4QL,41,BLACK ROD CLOSE,F,2024-02-27,280000,,,,
152AB733-76ED-E651-E063-4704A8C061D9,UB3 2SR,17,LEVEN WAY,S,2024-02-27,463000,,,,
1A0C5C64-0136-7CBE-E063-4804A8C06C96,UB3 4LG,166,CRANFORD DRIVE,T,2024-02-28,450000,,,,
25E9DA80-5C25-555E-E063-4704A8C066F2,UB3 1FP,7,GRAMOPHONE LANE,F,2024-02-29,250000,,,,
25E9DA80-5C1F-555E-E063-4704A8C066F2,UB3 1FP,7,GRAMOPHONE LANE,F,2024-02-29,244000,,,,
25E9DA80-5C1A-555E-E063-4704A8C066F2,UB3 1FP,7,GRAMOPHONE LANE,F,2024-02-29,250000,,,,
1C3E72FE-6AAE-F410-E063-4804A8C0DFA6,UB3 4LW,14,FULLER WAY,T,2024-02-29,350000,,,,
2859C1AB-7768-52B4-E063-4804A8C05948,UB3 1FP,7,GRAMOPHONE LANE,F,2024-02-29,250000,,,,
152AB733-FD01-E651-E063-4704A8C061D9,UB3 1TD,72,WALTHAM AVENUE,T,2024-03-01,250000,,,,
1A0C5C63-036C-7CBE-E063-4804A8C06C96,UB3 2QB,"FIRST FLOOR FLAT, 34",TUDOR ROAD,F,2024-03-04,290000,,,,
2D4D7608-9398-BDF9-E063-4804A8C0672F,UB3 4GF,"FORASTERO HOUSE, 24",FARINE AVENUE,F,2024-03-08,507840,,,,
152AB734-0060-E651-E063-4704A8C061D9,UB3 5EP,"FELBRIDGE COURT, 311",HIGH STREET,F,2024-03-08,155000,,,,
2859C1AC-D72F-52B4-E063-4804A8C05948,UB3 1FP,7,GRAMOPHONE LANE,F,2024-03-08,315000,,,,
1EAE3DF6-C71B-9EB1-E063-4704A8C09D02,UB3 4HA,37,CLEAVE AVENUE,T,2024-03-08,385000,,,,
25E9DA81-E5B3-555E-E063-4704A8C066F2,UB3 2QR,2,STUART CRESCENT,S,2024-03-08,480000,,,,
1775CCF6-D7A5-38BA-E063-4704A8C05A7C,UB3 5LZ,26,GILPIN WAY,F,2024-03-11,319950,,,,
152AB733-7704-E651-E063-4704A8C061D9,UB3 5AF,29,CAROLINE PLACE,F,2024-03-11,211000,,,,
2859C1AB-771F-52B4-E063-4804A8C05948,UB3 1FN,14,POWERHOUSE LANE,F,2024-03-11,260000,,,,
1C3E72FF-0F51-F410-E063-4804A8C0DFA6,UB3 3JD,2,HUNTERS GROVE,T,2024-03-14,425000,,,,
2131FCF6-40D6-86E8-E063-4804A8C0372B,UB3 1QS,147,BOURNE AVENUE,T,2024-03-15,440000,,,,
2131FCF6-DE6D-86E8-E063-4804A8C0372B,UB3 5JF,16,FORGE CLOSE,F,2024-03-15,100000,,,,
2131FCF5-A91B-86E8-E063-4804A8C0372B,UB3 4FX,"TRUSCON HOUSE, 12",CARNATION GARDENS,F,2024-03-15,325000,,,,
1EAE3DF6-20BA-9EB1-E063-4704A8C09D02,UB3 2RS,"GEORGE COURT, 89",GRANGE ROAD,F,2024-03-15,112500,,,,
2859C1AB-7720-52B4-E063-4804A8C05948,UB3 1FN,14,POWERHOUSE LANE,F,2024-03-15,260000,,,,
2131FCF5-A64F-86E8-E063-4804A8C0372B,UB3 4BN,4,COPTHORNE MEWS,F,2024-03-18,170000,,,,
2859C1AB-774E-52B4-E063-4804A8C05948,UB3 1FP,7,GRAMOPHONE LANE,F,2024-03-20,310000,,,,
1EAE3DF7-6984-9EB1-E063-4704A8C09D02,UB3 3BU,2,CHALFONT ROAD,T,2024-03-20,532000,,,,
2131FCF5-A6D0-86E8-E063-4804A8C0372B,UB3 4BQ,VANTAGE BUILDING,STATION APPROACH,F,2024-03-22,225000,,,,
1EAE3DF6-C357-9EB1-E063-4704A8C09D02,UB3 2AX,62,MORAY AVENUE,S,2024-03-22,562000,,,,
1EAE3DF6-21C9-9EB1-E063-4704A8C09D02,UB3 1AA,"UNION HOUSE, 23",CLAYTON ROAD,F,2024-03-26,265000,,,,
2859C1AB-7752-52B4-E063-4804A8C05948,UB3 1FP,7,GRAMOPHONE LANE,F,2024-03-26,300000,,,,
25E9DA81-E4B3-555E-E063-4704A8C066F2,UB3 2PP,17,CROMWELL ROAD,S,2024-03-26,490000,,,,
2131FCF6-429D-86E8-E063-4804A8C0372B,UB3 1TA,6,WALTHAM AVENUE,S,2024-03-27,510000,,,,
1EAE3DF6-C83F-9EB1-E063-4704A8C09D02,UB3 2HZ,25,EASTHOLME,T,2024-03-27,490000,,,,
2859C1AB-773F-52B4-E063-4804A8C05948,UB3 1FN,14,POWERHOUSE LANE,F,2024-03-28,258000,,,,
2859C1AB-7744-52B4-E063-4804A8C05948,UB3 1FP,7,GRAMOPHONE LANE,F,2024-03-28,325000,,,,
34222871-E70B-4D2B-E063-4704A8C07853,UB3 5AF,33,CAROLINE PLACE,F,2024-03-28,225500,,,,
2859C1AC-D72E-52B4-E063-4804A8C05948,UB3 1FP,7,GRAMOPHONE LANE,F,2024-03-28,315000,,,,
237B17FD-9179-22AC-E063-4804A8C0EA3A,UB3 1JN,3,BEECHWOOD AVENUE,S,2024-03-28,430000,,,,
237B17FD-9188-22AC-E063-4804A8C0EA3A,UB3 5BH,48,BOLTONS LANE,S,2024-03-28,205000,,,,
2131FCF5-ABA1-86E8-E063-4804A8C0372B,UB3 2SG,93,WOOD END GREEN ROAD,F,2024-04-02,240000,,,,
1A0C5C63-062E-7CBE-E063-4804A8C06C96,UB3 4EX,80,WOOLACOMBE WAY,T,2024-04-03,385000,,,,
1C3E72FF-0DB4-F410-E063-4804A8C0DFA6,UB3 4NJ,19,NORTH HYDE ROAD,D,2024-04-04,515000,,,,
2859C1AC-D732-52B4-E063-4804A8C05948,UB3 1FP,7,GRAMOPHONE LANE,F,2024-04-05,340000,,,,
2ACACE8D-9470-295E-E063-4804A8C0B0EB,UB3 1EB,14,DAWLEY PARADE,T,2024-04-05,465000,,,,
31C68072-DFBF-FEE3-E063-4804A8C04F37,UB3 4GE,"FORASTERO HOUSE, 24",FARINE AVENUE,F,2024-04-05,536750,,,,
237B17FE-3F27-22AC-E063-4804A8C0EA3A,UB3 1PL,14,SKIPTON DRIVE,S,2024-04-05,485000,,,,
25E9DA81-BFF1-555E-E063-4704A8C066F2,UB3 5AE,28,DAVID CLOSE,F,2024-04-05,120000,,,,
2D4D7608-93BC-BDF9-E063-4804A8C0672F,UB3 4GE,"FORASTERO HOUSE, 24",FARINE AVENUE,F,2024-04-08,489020,,,,
2859C1AB-775C-52B4-E063-4804A8C05948,UB3 1FN,14,POWERHOUSE LANE,F,2024-04-09,260000,,,,
1775CCF7-F5E3-38BA-E063-4704A8C05A7C,UB3 2AT,37,FORRIS AVENUE,F,2024-04-09,152000,,,,
1C3E72FF-0EE1-F410-E063-4804A8C0DFA6,UB3 2AT,37,FORRIS AVENUE,F,2024-04-09,169000,,,,
237B17FD-924B-22AC-E063-4804A8C0EA3A,UB3 2SU,42,ROSSLYN CLOSE,F,2024-04-10,270000,,,,
1C3E72FF-0E1F-F410-E063-4804A8C0DFA6,UB3 4AX,24,REDMEAD ROAD,T,2024-04-11,550000,,,,
1775CCF7-F50C-38BA-E063-4704A8C05A7C,UB3 1BA,88,CLAYTON ROAD,T,2024-04-12,345000,,,,
2131FCF6-45C9-86E8-E063-4804A8C0372B,UB3 5BW,6,HARLINGTON CLOSE,S,2024-04-12,435000,,,,
2859C1AB-7741-52B4-E063-4804A8C05948,UB3 1FN,14,POWERHOUSE LANE,F,2024-04-12,270000,,,,
2131FCF5-A813-86E8-E063-4804A8C0372B,UB3 2RQ,11,DAWSON CLOSE,T,2024-04-15,440000,,,,
1C3E72FE-E8F7-F410-E063-4804A8C0DFA6,UB3 4JR,82,CROWLAND AVENUE,S,2024-04-15,435000,,,,
1775CCF7-63B7-38BA-E063-4704A8C05A7C,UB3 5HR,29,ETON ROAD,S,2024-04-15,254253,,,,
2131FCF6-45F5-86E8-E063-4804A8C0372B,UB3 3JZ,11,HERMON GROVE,S,2024-04-16,550000,,,,
42C129E4-2AF3-60A9-E063-4804A8C0C25D,UB3 2FQ,"SEAFOX HOUSE, 4",ALBACORE WAY,F,2024-04-17,115000,,,,
2859C1AC-D5DC-52B4-E063-4804A8C05948,UB3 1QY,6,WINDSOR GARDENS,T,2024-04-17,375000,,,,
2131FCF6-41D6-86E8-E063-4804A8C0372B,UB3 2QX,12,ANGEL LANE,T,2024-04-17,380000,,,,
1EAE3DF7-6AE4-9EB1-E063-4704A8C09D02,UB3 3JD,17,HUNTERS GROVE,S,2024-04-18,505000,,,,
1C3E72FE-6AF5-F410-E063-4804A8C0DFA6,UB3 3PS,36,CLIVESDALE DRIVE,T,2024-04-18,266000,,,,
237B17FD-9415-22AC-E063-4804A8C0EA3A,UB3 1PW,CHELTENHAM HOUSE,SKIPTON DRIVE,F,2024-04-19,280000,,,,
2131FCF6-DE52-86E8-E063-4804A8C0372B,UB3 1LQ,2,BADGERS CLOSE,T,2024-04-19,230000,,,,
237B17FE-3B44-22AC-E063-4804A8C0EA3A,UB3 5AD,110,HIGH STREET,T,2024-04-19,429950,,,,
1A0C5C64-015B-7CBE-E063-4804A8C06C96,UB3 3JF,106,HUNTERS GROVE,S,2024-04-19,550000,,,,
1EAE3DF6-25D6-9EB1-E063-4704A8C09D02,UB3 1PF,20,PINKWELL LANE,F,2024-04-22,190000,,,,
2131FCF5-A61D-86E8-E063-4804A8C0372B,UB3 4PA,20,HYDE WAY,S,2024-04-24,275000,,,,
237B17FE-3A12-22AC-E063-4804A8C0EA3A,UB3 5HZ,8,WINDSOR PARK ROAD,T,2024-04-24,380000,,,,
2F7F2B42-A1F0-E08F-E063-4804A8C05A49,UB3 4GE,"FORASTERO HOUSE, 24",FARINE AVENUE,F,2024-04-24,540550,,,,
25E9DA80-5525-555E-E063-4704A8C066F2,UB3 1QR,104,BOURNE AVENUE,F,2024-04-26,235000,,,,
1A0C5C63-8126-7CBE-E063-4804A8C06C96,UB3 1JB,60,BOTWELL COMMON ROAD,S,2024-04-26,230000,,,,
2D4D7608-93DE-BDF9-E063-4804A8C0672F,UB3 1FN,14,POWERHOUSE LANE,F,2024-04-26,271700,,,,
1A0C5C64-0047-7CBE-E063-4804A8C06C96,UB3 1NR,132,WENTWORTH CRESCENT,S,2024-04-26,499950,,,,
237B17FD-93E4-22AC-E063-4804A8C0EA3A,UB3 3PG,157,ABBOTSWOOD WAY,F,2024-04-26,239500,,,,
25E9DA81-E452-555E-E063-4704A8C066F2,UB3 4RA,139,ROSEVILLE ROAD,S,2024-04-29,660000,,,,
1A0C5C64-009B-7CBE-E063-4804A8C06C96,UB3 2LS,190,CHURCH ROAD,D,2024-04-30,1000000,,,,
2131FCF5-AAC3-86E8-E063-4804A8C0372B,UB3 5NG,29,BRENDON CLOSE,F,2024-04-30,208000,,,,
2F7F2B42-A21F-E08F-E063-4804A8C05A49,UB3 1FP,7,GRAMOPHONE LANE,F,2024-04-30,250000,,,,
237B17FE-3AB8-22AC-E063-4804A8C0EA3A,UB3 1TE,155,WALTHAM AVENUE,T,2024-05-02,490000,,,,
25E9DA80-58C5-555E-E063-4704A8C066F2,UB3 2RX,2A,QUEENS ROAD,S,2024-05-02,300000,,,,
1A0C5C63-E2DD-7CBE-E063-4804A8C06C96,UB3 4BN,2,COPTHORNE MEWS,T,2024-05-03,250000,,,,
25E9DA80-5536-555E-E063-4704A8C066F2,UB3 4QB,"GRIFFITHS COURT, 58",NESTLES AVENUE,F,2024-05-03,305000,,,,
237B17FD-91AD-22AC-E063-4804A8C0EA3A,UB3 2DD,4,REID CLOSE,F,2024-05-03,295000,,,,
1C3E72FF-0DC4-F410-E063-4804A8C0DFA6,UB3 2UB,22,MORGANS LANE,D,2024-05-10,410000,,,,
25E9DA80-5641-555E-E063-4704A8C066F2,UB3 2FH,"AQUA HOUSE, 46",VARCOE GARDENS,F,2024-05-10,260000,,,,
2859C1AB-7767-52B4-E063-4804A8C05948,UB3 1FP,7,GRAMOPHONE LANE,F,2024-05-13,317000,,,,
1A0C5C63-8131-7CBE-E063-4804A8C06C96,UB3 2HP,33,EAST AVENUE,S,2024-05-14,680000,,,,
1C3E72FD-C3EB-F410-E063-4804A8C0DFA6,UB3 2DJ,SUTCLIFFE HOUSE,ADDISON WAY,F,2024-05-15,122000,,,,
1C3E72FE-6551-F410-E063-4804A8C0DFA6,UB3 1NY,4,ELERS ROAD,S,2024-05-16,480000,,,,
237B17FD-92B1-22AC-E063-4804A8C0EA3A,UB3 2UJ,19,BARRA WOOD CLOSE,T,2024-05-17,460000,,,,
25E9DA81-1FCC-555E-E063-4704A8C066F2,UB3 1TQ,48,COLBROOK AVENUE,S,2024-05-17,512500,,,,
2ACACE8D-11D3-295E-E063-4804A8C0B0EB,UB3 1JW,51,BEECHWOOD AVENUE,T,2024-05-17,450000,,,,
1C3E72FF-0DFC-F410-E063-4804A8C0DFA6,UB3 4AQ,24,OAKINGTON AVENUE,S,2024-05-21,472000,,,,
237B17FE-E06D-22AC-E063-4804A8C0EA3A,UB3 2NE,5,CEDAR AVENUE,T,2024-05-21,444000,,,,
2859C1AB-7238-52B4-E063-4804A8C05948,UB3 5DS,234,HIGH STREET,F,2024-05-23,225000,,,,
2131FCF6-DD21-86E8-E063-4804A8C0372B,UB3 1ND,74,DAWLEY ROAD,S,2024-05-23,535000,,,,
2D4D7608-9410-BDF9-E063-4804A8C0672F,UB3 1FP,7,GRAMOPHONE LANE,F,2024-05-24,345000,,,,
1C3E72FE-64C7-F410-E063-4804A8C0DFA6,UB3 3AH,44,STIRLING ROAD,S,2024-05-24,300622,,,,
1EAE3DF7-6AE5-9EB1-E063-4704A8C09D02,UB3 3JT,49,HALSWAY,D,2024-05-31,600000,,,,
1C3E72FE-65F0-F410-E063-4804A8C0DFA6,UB3 2TL,74,HANOVER CIRCLE,S,2024-05-31,485000,,,,
2D4D7608-941A-BDF9-E063-4804A8C0672F,UB3 1FN,14,POWERHOUSE LANE,F,2024-05-31,250000,,,,
1C3E72FE-6642-F410-E063-4804A8C0DFA6,UB3 4AF,14,REPTON AVENUE,S,2024-05-31,425000,,,,
2859C1AC-3A9B-52B4-E063-4804A8C05948,UB3 5HQ,101,SAUNTON AVENUE,T,2024-06-03,397000,,,,
2ACACE8D-944F-295E-E063-4804A8C0B0EB,UB3 2SQ,129,WOOD END GREEN ROAD,T,2024-06-03,460000,,,,
1C3E72FF-0F29-F410-E063-4804A8C0DFA6,UB3 3LJ,35,MOUNT ROAD,S,2024-06-05,585000,,,,
25E9DA81-E5C0-555E-E063-4704A8C066F2,UB3 3JT,44,HALSWAY,S,2024-06-05,455000,,,,
25E9DA81-C083-555E-E063-4704A8C066F2,UB3 2LW,140A,CHURCH ROAD,F,2024-06-06,300000,,,,
1C3E72FE-6957-F410-E063-4804A8C0DFA6,UB3 4HB,101,CLEAVE AVENUE,T,2024-06-07,410000,,,,
2F7F2B42-A21B-E08F-E063-4804A8C05A49,UB3 1FN,14,POWERHOUSE LANE,F,2024-06-07,255000,,,,
36A61A94-410D-DEF2-E063-4704A8C046AE,UB3 4NY,3,FAIREY AVENUE,F,2024-06-10,332000,,,,
1C3E72FD-C725-F410-E063-4804A8C0DFA6,UB3 3FF,"CARPENTER HOUSE, 45",PUMP LANE,F,2024-06-11,390000,,,,
2D4D7609-3F76-BDF9-E063-4804A8C0672F,UB3 4LW,4,FULLER WAY,T,2024-06-12,475000,,,,
2F7F2B42-A221-E08F-E063-4804A8C05A49,UB3 1FP,7,GRAMOPHONE LANE,F,2024-06-13,255000,,,,
25E9DA81-2093-555E-E063-4704A8C066F2,UB3 5HT,79,ETON ROAD,S,2024-06-17,415000,,,,
25E9DA80-5519-555E-E063-4704A8C066F2,UB3 3PF,81,ABBOTSWOOD WAY,F,2024-06-19,210000,,,,
1EAE3DF6-2120-9EB1-E063-4704A8C09D02,UB3 2GE,14,GREENFIELD PLACE,T,2024-06-19,585000,,,,
2859C1AB-736E-52B4-E063-4804A8C05948,UB3 2JZ,2,BUTCHERS MEWS,F,2024-06-19,320000,,,,
2859C1AC-35A2-52B4-E063-4804A8C05948,UB3 2AY,20,COMPTON ROAD,S,2024-06-20,525000,,,,
25E9DA81-2004-555E-E063-4704A8C066F2,UB3 1LA,4,PRINCES PARK PARADE,T,2024-06-21,420000,,,,
25E9DA81-E493-555E-E063-4704A8C066F2,UB3 4AG,14,RUTLAND ROAD,S,2024-06-21,508000,,,,
25E9DA80-55A0-555E-E063-4704A8C066F2,UB3 2FJ,"SEVERUS HOUSE, 155",VARCOE GARDENS,F,2024-06-24,308000,,,,
1EAE3DF6-C4D3-9EB1-E063-4704A8C09D02,UB3 2NG,11,LANNOCK ROAD,S,2024-06-24,602000,,,,
2D4D7608-8F59-BDF9-E063-4804A8C0672F,UB3 2FH,"SPA HOUSE, 48",VARCOE GARDENS,F,2024-06-26,300000,,,,
1EAE3DF6-C440-9EB1-E063-4704A8C09D02,UB3 5NE,1,CROFT CLOSE,S,2024-06-26,460000,,,,
2D4D7608-941F-BDF9-E063-4804A8C0672F,UB3 1FN,14,POWERHOUSE LANE,F,2024-06-27,270000,,,,
1EAE3DF7-6987-9EB1-E063-4704A8C09D02,UB3 2QH,19,CRANMER ROAD,T,2024-06-28,405000,,,,
2131FCF5-A608-86E8-E063-4804A8C0372B,UB3 3EQ,185,COLDHARBOUR LANE,S,2024-06-28,557500,,,,
2F7F2B42-A290-E08F-E063-4804A8C05A49,UB3 1FN,14,POWERHOUSE LANE,F,2024-06-28,260000,,,,
2D4D7608-9426-BDF9-E063-4804A8C0672F,UB3 1FP,7,GRAMOPHONE LANE,F,2024-06-28,320000,,,,
25E9DA80-5523-555E-E063-4704A8C066F2,UB3 2LG,227,CHURCH ROAD,T,2024-07-01,315000,,,,
2859C1AC-D672-52B4-E063-4804A8C05948,UB3 2SG,83A,WOOD END GREEN ROAD,F,2024-07-02,260000,,,,
25E9DA81-C074-555E-E063-4704A8C066F2,UB3 5FD,"CIRCA APARTMENTS, 5",NOBEL DRIVE,F,2024-07-03,230000,,,,
2D4D7609-E484-BDF9-E063-4804A8C0672F,UB3 4RD,42,CARFAX ROAD,T,2024-07-04,400000,,,,
34222873-0E4D-4D2B-E063-4704A8C07853,UB3 2BW,51,CENTRAL AVENUE,S,2024-07-04,575000,,,,
2F7F2B43-3EB6-E08F-E063-4804A8C05A49,UB3 1NE,102,DAWLEY ROAD,S,2024-07-05,525000,,,,
237B17FE-C10E-22AC-E063-4804A8C0EA3A,UB3 3PQ,116,ABBOTSWOOD WAY,T,2024-07-05,360000,,,,
1EAE3DF7-6AF9-9EB1-E063-4704A8C09D02,UB3 5NB,102,THE CRESCENT,F,2024-07-08,165000,,,,
237B17FE-3A5E-22AC-E063-4804A8C0EA3A,UB3 4JH,40,MONMOUTH ROAD,S,2024-07-08,460000,,,,
1EAE3DF6-1FE7-9EB1-E063-4704A8C09D02,UB3 3PQ,90,ABBOTSWOOD WAY,F,2024-07-08,139000,,,,
2D4D7608-9424-BDF9-E063-4804A8C0672F,UB3 1FP,7,GRAMOPHONE LANE,F,2024-07-09,238500,,,,
2ACACE8C-8549-295E-E063-4804A8C0B0EB,UB3 1JJ,17,LIME GROVE,T,2024-07-12,425000,,,,
1EAE3DF6-C421-9EB1-E063-4704A8C09D02,UB3 1EB,22,DAWLEY PARADE,T,2024-07-12,485000,,,,
3DCCB7C9-954E-5B9D-E063-4704A8C0331E,UB3 2PB,123,JUDGE HEATH LANE,S,2024-07-12,645000,,,,
36A61A95-55F5-DEF2-E063-4704A8C046AE,UB3 2BZ,88,CENTRAL AVENUE,S,2024-07-12,650000,,,,
2859C1AB-72AF-52B4-E063-4804A8C05948,UB3 4JH,33,MONMOUTH ROAD,S,2024-07-12,680000,,,,
25E9DA81-E5C1-555E-E063-4704A8C066F2,UB3 3JD,7,HUNTERS GROVE,S,2024-07-12,445000,,,,
2131FCF5-A63A-86E8-E063-4804A8C0372B,UB3 2DD,34,REID CLOSE,F,2024-07-15,218000,,,,
2131FCF5-A752-86E8-E063-4804A8C0372B,UB3 1QN,50,BOURNE AVENUE,T,2024-07-16,475000,,,,
31C68072-5BB0-FEE3-E063-4804A8C04F37,UB3 2UX,92,WILLENHALL DRIVE,F,2024-07-16,141000,,,,
2D4D7608-942B-BDF9-E063-4804A8C0672F,UB3 1FP,7,GRAMOPHONE LANE,F,2024-07-16,305000,,,,
2859C1AC-3657-52B4-E063-4804A8C05948,UB3 1QT,160,BOURNE AVENUE,T,2024-07-18,467000,,,,
3B5CE841-631D-EE3A-E063-4804A8C0D6F1,UB3 2PB,125,JUDGE HEATH LANE,S,2024-07-18,640000,,,,
25E9DA81-2549-555E-E063-4704A8C066F2,UB3 3PB,65,BIRCHWAY,S,2024-07-19,450000,,,,
2131FCF6-4617-86E8-E063-4804A8C0372B,UB3 3PS,14,CLIVESDALE DRIVE,T,2024-07-22,375000,,,,
2ACACE8D-0E42-295E-E063-4804A8C0B0EB,UB3 4AJ,6,WAVERLEY CLOSE,S,2024-07-23,485000,,,,
3DCCB7CA-C484-5B9D-E063-4704A8C0331E,UB3 2PS,93,CROMWELL ROAD,S,2024-07-24,540000,,,,
2ACACE8D-9530-295E-E063-4804A8C0B0EB,UB3 2NT,3,SYCAMORE AVENUE,T,2024-07-25,490000,,,,
2859C1AC-3C33-52B4-E063-4804A8C05948,UB3 2AZ,76,COMPTON ROAD,F,2024-07-25,285000,,,,
2859C1AC-360C-52B4-E063-4804A8C05948,UB3 2NJ,83,FREEMANS LANE,S,2024-07-26,540000,,,,
237B17FE-E082-22AC-E063-4804A8C0EA3A,UB3 1TG,18,COLBROOK AVENUE,S,2024-07-26,570000,,,,
2F7F2B42-A26A-E08F-E063-4804A8C05A49,UB3 1FN,14,POWERHOUSE LANE,F,2024-07-26,250000,,,,
2F7F2B42-A269-E08F-E063-4804A8C05A49,UB3 1FP,7,GRAMOPHONE LANE,F,2024-07-26,260000,,,,
34222873-2D3A-4D2B-E063-4704A8C07853,UB3 5HA,36,CRANFORD LANE,T,2024-07-26,373000,,,,
2131FCF6-44A6-86E8-E063-4804A8C0372B,UB3 4EZ,16,CLEAVE AVENUE,T,2024-07-26,410000,,,,
2131FCF6-418D-86E8-E063-4804A8C0372B,UB3 4QX,1A,ROSEVILLE ROAD,T,2024-07-26,580000,,,,
237B17FE-3FB1-22AC-E063-4804A8C0EA3A,UB3 3PY,25,GADE CLOSE,S,2024-07-26,333000,,,,
2131FCF6-4598-86E8-E063-4804A8C0372B,UB3 5HD,368,CRANFORD LANE,S,2024-07-30,513000,,,,
2859C1AC-D68E-52B4-E063-4804A8C05948,UB3 4NA,ASA COURT,OLD STATION ROAD,F,2024-07-30,283000,,,,
402A3A65-77BA-A7DF-E063-4804A8C0B80D,UB3 1FN,14,POWERHOUSE LANE,F,2024-07-31,260000,,,,
38EDC0C3-2508-0F63-E063-4704A8C00424,UB3 4LW,2,FULLER WAY,T,2024-07-31,475000,,,,
2F7F2B42-A27B-E08F-E063-4804A8C05A49,UB3 1FP,7,GRAMOPHONE LANE,F,2024-07-31,255000,,,,
2F7F2B42-A27A-E08F-E063-4804A8C05A49,UB3 1FN,14,POWERHOUSE LANE,F,2024-07-31,250000,,,,
2F7F2B42-A277-E08F-E063-4804A8C05A49,UB3 1FP,7,GRAMOPHONE LANE,F,2024-07-31,245000,,,,
2F7F2B42-A276-E08F-E063-4804A8C05A49,UB3 1FN,14,POWERHOUSE LANE,F,2024-07-31,260000,,,,
2D4D7609-39D0-BDF9-E063-4804A8C0672F,UB3 4JE,297,STATION ROAD,T,2024-08-02,525000,,,,
2859C1AC-370D-52B4-E063-4804A8C05948,UB3 4AQ,11,OAKINGTON AVENUE,S,2024-08-05,460000,,,,
38EDC0C3-AE73-0F63-E063-4704A8C00424,UB3 5HF,20,SHORTLANDS,T,2024-08-05,456000,,,,
2131FCF6-DE02-86E8-E063-4804A8C0372B,UB3 2LS,178,CHURCH ROAD,S,2024-08-05,900000,,,,
237B17FE-E123-22AC-E063-4804A8C0EA3A,UB3 2LS,178,CHURCH ROAD,S,2024-08-05,900000,,,,
2131FCF6-4180-86E8-E063-4804A8C0372B,UB3 5JA,19,MALVERN ROAD,T,2024-08-06,375000,,,,
36A61A94-CCEC-DEF2-E063-4704A8C046AE,UB3 3PD,101,BIRCHWAY,S,2024-08-07,490000,,,,
2F7F2B42-A28E-E08F-E063-4804A8C05A49,UB3 1FN,14,POWERHOUSE LANE,F,2024-08-08,275000,,,,
2131FCF5-A652-86E8-E063-4804A8C0372B,UB3 4BN,22,COPTHORNE MEWS,F,2024-08-08,190000,,,,
237B17FE-3EA2-22AC-E063-4804A8C0EA3A,UB3 3JA,24,FAIRDALE GARDENS,S,2024-08-09,235000,,,,
237B17FE-E091-22AC-E063-4804A8C0EA3A,UB3 4QA,10,NESTLES AVENUE,F,2024-08-12,90000,,,,
2131FCF6-4625-86E8-E063-4804A8C0372B,UB3 3PY,56,GADE CLOSE,S,2024-08-13,330000,,,,
2131FCF6-BE8F-86E8-E063-4804A8C0372B,UB3 1LY,ELM VIEW HOUSE,SHEPISTON LANE,F,2024-08-14,90000,,,,
2131FCF6-DD06-86E8-E063-4804A8C0372B,UB3 1QT,165,BOURNE AVENUE,T,2024-08-14,415000,,,,
237B17FD-93CA-22AC-E063-4804A8C0EA3A,UB3 3PX,7,CLIVESDALE DRIVE,F,2024-08-14,200000,,,,
2131FCF5-A842-86E8-E063-4804A8C0372B,UB3 3FA,19,GLENISTER GARDENS,T,2024-08-15,520000,,,,
237B17FE-3A70-22AC-E063-4804A8C0EA3A,UB3 3AR,2,HAMILTON ROAD,S,2024-08-15,567000,,,,
2131FCF6-40EB-86E8-E063-4804A8C0372B,UB3 1SD,69,ST ANSELMS ROAD,S,2024-08-16,541000,,,,
2131FCF5-A777-86E8-E063-4804A8C0372B,UB3 1JW,38,BEECHWOOD AVENUE,T,2024-08-16,517000,,,,
2131FCF5-AAA0-86E8-E063-4804A8C0372B,UB3 4GE,"FORASTERO HOUSE, 24",FARINE AVENUE,F,2024-08-20,305000,,,,
237B17FE-39E9-22AC-E063-4804A8C0EA3A,UB3 4JE,275,STATION ROAD,S,2024-08-20,510000,,,,
38EDC0C3-907D-0F63-E063-4704A8C00424,UB3 3EP,52,COLDHARBOUR LANE,D,2024-08-20,1350000,,,,
3B5CE842-7E00-EE3A-E063-4804A8C0D6F1,UB3 2PB,121,JUDGE HEATH LANE,D,2024-08-22,610000,,,,
237B17FD-94AF-22AC-E063-4804A8C0EA3A,UB3 2JE,12,NORTH AVENUE,T,2024-08-23,520000,,,,
2F7F2B43-3FE3-E08F-E063-4804A8C05A49,UB3 4QY,59,ROSEVILLE ROAD,S,2024-08-23,480000,,,,
2F7F2B43-43CF-E08F-E063-4804A8C05A49,UB3 5JD,39,WINDSOR PARK ROAD,F,2024-08-23,220000,,,,
237B17FE-3F78-22AC-E063-4804A8C0EA3A,UB3 3JD,19,HUNTERS GROVE,T,2024-08-23,420000,,,,
2F7F2B43-3F49-E08F-E063-4804A8C05A49,UB3 4PH,33,WYRE GROVE,S,2024-08-23,300000,,,,
237B17FE-3EF7-22AC-E063-4804A8C0EA3A,UB3 1PD,1E,PINKWELL LANE,S,2024-08-23,460000,,,,
2D4D7609-39E3-BDF9-E063-4804A8C0672F,UB3 1TB,57,WALTHAM AVENUE,S,2024-08-23,535000,,,,
4777E0AE-4A3B-5D59-E063-4804A8C09F8E,UB3 1FN,14,POWERHOUSE LANE,F,2024-08-23,260000,,,,
38EDC0C2-9577-0F63-E063-4704A8C00424,UB3 2NF,9,FULWOOD CLOSE,F,2024-08-27,305000,,,,
36A61A95-3872-DEF2-E063-4704A8C046AE,UB3 2EE,30,GLEBE ROAD,T,2024-08-27,737000,,,,
34222873-2C0D-4D2B-E063-4704A8C07853,UB3 1TW,47,MILDRED AVENUE,S,2024-08-28,675000,,,,
2D4D7609-3A3B-BDF9-E063-4804A8C0672F,UB3 2TJ,56,HANOVER CIRCLE,S,2024-08-28,535000,,,,
237B17FE-3B3F-22AC-E063-4804A8C0EA3A,UB3 4QG,188,NESTLES AVENUE,T,2024-08-28,535000,,,,
237B17FE-399D-22AC-E063-4804A8C0EA3A,UB3 1QA,13,GLAMIS CRESCENT,S,2024-08-29,617500,,,,
2F7F2B42-A299-E08F-E063-4804A8C05A49,UB3 1FP,7,GRAMOPHONE LANE,F,2024-08-29,320000,,,,
2F7F2B42-A297-E08F-E063-4804A8C05A49,UB3 1FN,14,POWERHOUSE LANE,F,2024-08-30,270000,,,,
402A3A65-7390-A7DF-E063-4804A8C0B80D,UB3 5BH,106,BOLTONS LANE,F,2024-08-30,213000,,,,
2F7F2B42-A2A2-E08F-E063-4804A8C05A49,UB3 1FP,7,GRAMOPHONE LANE,F,2024-08-30,324950,,,,
237B17FE-3B29-22AC-E063-4804A8C0EA3A,UB3 4JB,211,STATION ROAD,S,2024-08-30,335000,,,,
237B17FE-3B7F-22AC-E063-4804A8C0EA3A,UB3 1RD,29,CLEVEDON GARDENS,T,2024-08-30,406290,,,,
237B17FE-C103-22AC-E063-4804A8C0EA3A,UB3 2BQ,53,EVERGREEN WAY,F,2024-08-30,257000,,,,
2D4D7608-8F32-BDF9-E063-4804A8C0672F,UB3 1QY,5,WINDSOR GARDENS,T,2024-08-30,440000,,,,
38EDC0C2-9536-0F63-E063-4704A8C00424,UB3 2BH,111,EVERGREEN WAY,F,2024-08-30,248000,,,,
42C129E5-8FF1-60A9-E063-4804A8C0C25D,UB3 4QX,8,ROSEVILLE ROAD,S,2024-09-03,500000,,,,
237B17FE-C11E-22AC-E063-4804A8C0EA3A,UB3 4FP,"TRIDENT HOUSE, 76",STATION ROAD,F,2024-09-04,180000,,,,
237B17FE-3F6F-22AC-E063-4804A8C0EA3A,UB3 5HQ,107,SAUNTON AVENUE,T,2024-09-04,380000,,,,
237B17FE-3F80-22AC-E063-4804A8C0EA3A,UB3 1JP,58,BEECHWOOD AVENUE,T,2024-09-10,635000,,,,
25E9DA80-59B1-555E-E063-4704A8C066F2,UB3 3FJ,"MORTISE HOUSE, 1",CHAILEY PLACE,F,2024-09-11,525000,,,,
2D4D7609-3F88-BDF9-E063-4804A8C0672F,UB3 1JG,45,CHESTNUT CLOSE,T,2024-09-11,507000,,,,
2859C1AC-D622-52B4-E063-4804A8C05948,UB3 4FA,VANTAGE BUILDING,STATION APPROACH,F,2024-09-11,300000,,,,
2859C1AC-3604-52B4-E063-4804A8C05948,UB3 2AX,63,MORAY AVENUE,S,2024-09-11,585000,,,,
2F7F2B43-DB27-E08F-E063-4804A8C05A49,UB3 1LW,32,SHEPISTON LANE,S,2024-09-11,464000,,,,
25E9DA80-563D-555E-E063-4704A8C066F2,UB3 2FT,"SOPWITH HOUSE, 12",ALBACORE WAY,F,2024-09-12,250000,,,,
3B5CE842-9E67-EE3A-E063-4804A8C0D6F1,UB3 1RJ,12,SNOWDON CRESCENT,T,2024-09-12,480000,,,,
237B17FE-3FA9-22AC-E063-4804A8C0EA3A,UB3 2UT,8,WILLENHALL DRIVE,T,2024-09-13,465000,,,,
2F7F2B43-DACB-E08F-E063-4804A8C05A49,UB3 1LU,37,DAWLEY ROAD,D,2024-09-16,700000,,,,
2D4D7609-3AE6-BDF9-E063-4804A8C0672F,UB3 1TL,4,MILDRED AVENUE,S,2024-09-16,575000,,,,
2F7F2B42-A2B4-E08F-E063-4804A8C05A49,UB3 1FP,7,GRAMOPHONE LANE,F,2024-09-16,260000,,,,
36A61A95-55EE-DEF2-E063-4704A8C046AE,UB3 3JD,17,HUNTERS GROVE,S,2024-09-18,600000,,,,
2F7F2B43-42DB-E08F-E063-4804A8C05A49,UB3 2QG,104,TUDOR ROAD,S,2024-09-18,460000,,,,
25E9DA81-E5DC-555E-E063-4704A8C066F2,UB3 2PJ,29,ST JEROMES GROVE,F,2024-09-19,320000,,,,
2D4D7609-39E1-BDF9-E063-4804A8C0672F,UB3 3AH,38,STIRLING ROAD,S,2024-09-19,585000,,,,
44F406B6-11D0-1095-E063-4704A8C048D4,UB3 2FJ,113,VARCOE GARDENS,T,2024-09-20,531000,,,,
25E9DA81-E4B2-555E-E063-4704A8C066F2,UB3 2PS,95,CROMWELL ROAD,S,2024-09-20,737500,,,,
25E9DA81-23C5-555E-E063-4704A8C066F2,UB3 1NJ,4,WOODHOUSE CLOSE,S,2024-09-20,385000,,,,
25E9DA81-C058-555E-E063-4704A8C066F2,UB3 5AR,4,MONDIAL WAY,F,2024-09-23,145000,,,,
237B17FE-E174-22AC-E063-4804A8C0EA3A,UB3 1QE,3,DENBIGH DRIVE,S,2024-09-23,375000,,,,
2F7F2B42-9E72-E08F-E063-4804A8C05A49,UB3 4BQ,VANTAGE BUILDING,STATION APPROACH,F,2024-09-24,320000,,,,
2D4D7609-3AF3-BDF9-E063-4804A8C0672F,UB3 3BT,20,LITTLE ROAD,S,2024-09-27,560000,,,,
25E9DA81-1FE3-555E-E063-4704A8C066F2,UB3 1TH,12,COLBROOK CLOSE,S,2024-09-27,520000,,,,
3B5CE842-9E4D-EE3A-E063-4804A8C0D6F1,UB3 1QL,23,BOURNE AVENUE,T,2024-09-27,492000,,,,
402A3A66-261C-A7DF-E063-4804A8C0B80D,UB3 2JG,9,HEMMEN LANE,T,2024-09-27,400000,,,,
2F7F2B43-3F2E-E08F-E063-4804A8C05A49,UB3 4PQ,24,WYRE GROVE,D,2024-09-27,680000,,,,
25E9DA81-23A7-555E-E063-4704A8C066F2,UB3 5LR,9,CHEVIOT CLOSE,S,2024-09-27,517500,,,,
34222871-EC5B-4D2B-E063-4704A8C07853,UB3 4GE,"FORASTERO HOUSE, 24",FARINE AVENUE,F,2024-09-28,388550,,,,
2859C1AC-FC3E-52B4-E063-4804A8C05948,UB3 1BY,39,BLYTH ROAD,T,2024-09-30,498500,,,,
31C68071-B29A-FEE3-E063-4804A8C04F37,UB3 1FP,7,GRAMOPHONE LANE,F,2024-09-30,300000,,,,
402A3A66-219F-A7DF-E063-4804A8C0B80D,UB3 1NG,21,PINKWELL AVENUE,S,2024-09-30,459950,,,,
31C68071-B29B-FEE3-E063-4804A8C04F37,UB3 1FP,7,GRAMOPHONE LANE,F,2024-09-30,308000,,,,
3B5CE842-9D7F-EE3A-E063-4804A8C0D6F1,UB3 1NQ,31,PINKWELL AVENUE,S,2024-09-30,503500,,,,
3DCCB7C9-9286-5B9D-E063-4704A8C0331E,UB3 2FJ,"CENTURION HOUSE, 99",VARCOE GARDENS,F,2024-10-02,230000,,,,
402A3A65-767E-A7DF-E063-4804A8C0B80D,UB3 5HF,36,SHORTLANDS,F,2024-10-02,325000,,,,
2D4D7609-E483-BDF9-E063-4804A8C0672F,UB3 1DB,85,BLYTH ROAD,T,2024-10-02,450000,,,,
42C129E4-2838-60A9-E063-4804A8C0C25D,UB3 4NL,29,NORTH HYDE ROAD,F,2024-10-02,300000,,,,
3DCCB7CA-C42B-5B9D-E063-4704A8C0331E,UB3 1TG,6,COLBROOK AVENUE,S,2024-10-04,580000,,,,
44F406B6-11EE-1095-E063-4704A8C048D4,UB3 2FJ,121,VARCOE GARDENS,T,2024-10-04,542000,,,,
402A3A66-CD79-A7DF-E063-4804A8C0B80D,UB3 1ND,74,DAWLEY ROAD,S,2024-10-07,630000,,,,
2859C1AB-7426-52B4-E063-4804A8C05948,UB3 4FS,"LAURINA APARTMENTS, 10",CARNATION GARDENS,F,2024-10-08,435000,,,,
25E9DA81-BFFC-555E-E063-4704A8C066F2,UB3 2DD,8,REID CLOSE,F,2024-10-09,280000,,,,
36A61A94-3F11-DEF2-E063-4704A8C046AE,UB3 2UX,91,WILLENHALL DRIVE,F,2024-10-09,145000,,,,
2F7F2B42-9DC1-E08F-E063-4804A8C05A49,UB3 1QE,12,DENBIGH DRIVE,S,2024-10-10,520000,,,,
3DCCB7CA-C44D-5B9D-E063-4704A8C0331E,UB3 5AL,84,BATH ROAD,S,2024-10-10,465000,,,,
25E9DA81-1F3A-555E-E063-4704A8C066F2,UB3 2QJ,47,CRANMER ROAD,T,2024-10-11,440000,,,,
2859C1AC-D66A-52B4-E063-4804A8C05948,UB3 5AR,4,MONDIAL WAY,F,2024-10-14,145000,,,,
402A3A65-733C-A7DF-E063-4804A8C0B80D,UB3 2SU,46,ROSSLYN CLOSE,F,2024-10-14,236000,,,,
402A3A66-ACB5-A7DF-E063-4804A8C0B80D,UB3 5DY,17,BRICKFIELD LANE,T,2024-10-16,275000,,,,
402A3A66-ACB4-A7DF-E063-4804A8C0B80D,UB3 5DY,16,BRICKFIELD LANE,T,2024-10-16,285000,,,,
402A3A66-ACB1-A7DF-E063-4804A8C0B80D,UB3 5DY,14,BRICKFIELD LANE,T,2024-10-17,310500,,,,
2ACACE8D-1196-295E-E063-4804A8C0B0EB,UB3 2NN,21,LYCH GATE WALK,T,2024-10-18,499000,,,,
2859C1AC-3C32-52B4-E063-4804A8C05948,UB3 3PB,52,BIRCHWAY,S,2024-10-18,403750,,,,
2859C1AC-3BA0-52B4-E063-4804A8C05948,UB3 2PR,39,CROMWELL ROAD,T,2024-10-18,400000,,,,
2859C1AC-D611-52B4-E063-4804A8C05948,UB3 2BY,44,CENTRAL AVENUE,S,2024-10-18,570000,,,,
2859C1AB-716A-52B4-E063-4804A8C05948,UB3 1JD,104,BOTWELL COMMON ROAD,S,2024-10-18,500000,,,,
2F7F2B43-4281-E08F-E063-4804A8C05A49,UB3 5LW,86,PENNINE WAY,S,2024-10-21,540000,,,,
2859C1AC-D669-52B4-E063-4804A8C05948,UB3 5AR,4,MONDIAL WAY,F,2024-10-22,120000,,,,
2859C1AC-36DA-52B4-E063-4804A8C05948,UB3 4RB,19,CARFAX ROAD,S,2024-10-22,700000,,,,
25E9DA81-20FD-555E-E063-4704A8C066F2,UB3 2RE,1,SOUTH WALK,S,2024-10-23,440000,,,,
42C129E5-90D1-60A9-E063-4804A8C0C25D,UB3 5DQ,329,HIGH STREET,S,2024-10-24,500000,,,,
2859C1AC-36A3-52B4-E063-4804A8C05948,UB3 2RD,5,MIDDLETON ROAD,S,2024-10-24,540000,,,,
3DCCB7CA-A432-5B9D-E063-4704A8C0331E,UB3 3PY,17,GADE CLOSE,F,2024-10-24,185000,,,,
25E9DA80-57DA-555E-E063-4704A8C066F2,UB3 1JG,55,CHESTNUT CLOSE,S,2024-10-25,500000,,,,
36A61A95-54D5-DEF2-E063-4704A8C046AE,UB3 2QA,7,TUDOR ROAD,T,2024-10-25,420000,,,,
25E9DA80-577B-555E-E063-4704A8C066F2,UB3 1PJ,59,PINKWELL LANE,S,2024-10-25,425000,,,,
2859C1AC-FD84-52B4-E063-4804A8C05948,UB3 2NS,47,BARRA HALL ROAD,T,2024-10-25,555000,,,,
2859C1AC-D5FC-52B4-E063-4804A8C05948,UB3 5LR,15,CHEVIOT CLOSE,S,2024-10-29,320000,,,,
2859C1AC-3606-52B4-E063-4804A8C05948,UB3 1JT,18,PRINCES PARK LANE,S,2024-10-29,425000,,,,
2859C1AB-7331-52B4-E063-4804A8C05948,UB3 2BY,36,CENTRAL AVENUE,T,2024-10-31,505000,,,,
31C68071-B2AB-FEE3-E063-4804A8C04F37,UB3 1FP,7,GRAMOPHONE LANE,F,2024-10-31,340000,,,,
2859C1AC-FC1C-52B4-E063-4804A8C05948,UB3 5HZ,27,WINDSOR PARK ROAD,S,2024-11-01,595000,,,,
2859C1AC-3BA2-52B4-E063-4804A8C05948,UB3 2EA,13,GLEBE ROAD,T,2024-11-01,557000,,,,
2859C1AC-FC0C-52B4-E063-4804A8C05948,UB3 1QB,36,GLAMIS CRESCENT,T,2024-11-01,700000,,,,
2ACACE8C-857E-295E-E063-4804A8C0B0EB,UB3 5AF,16,CAROLINE PLACE,F,2024-11-04,214950,,,,
2ACACE8D-958E-295E-E063-4804A8C0B0EB,UB3 5EQ,60,MANOR LANE,T,2024-11-05,410000,,,,
2D4D7609-E4C2-BDF9-E063-4804A8C0672F,UB3 2QD,46,TUDOR ROAD,T,2024-11-06,465000,,,,
31C68071-AE9D-FEE3-E063-4804A8C04F37,UB3 2AF,112,BOTWELL LANE,F,2024-11-07,297000,,,,
2859C1AB-7305-52B4-E063-4804A8C05948,UB3 2TR,139,YORK AVENUE,S,2024-11-07,495000,,,,
2859C1AB-71C6-52B4-E063-4804A8C05948,UB3 2FY,3,MONARCH DRIVE,T,2024-11-07,585000,,,,
2ACACE8D-7C7B-295E-E063-4804A8C0B0EB,UB3 1QY,18,WINDSOR GARDENS,F,2024-11-08,269000,,,,
2ACACE8D-946B-295E-E063-4804A8C0B0EB,UB3 3LJ,32,MOUNT ROAD,S,2024-11-08,615000,,,,
2859C1AC-FD7C-52B4-E063-4804A8C05948,UB3 5BQ,53,NEW ROAD,T,2024-11-08,300000,,,,
34222872-8C80-4D2B-E063-4704A8C07853,UB3 2NL,2,BELL HOUSE COTTAGES,T,2024-11-08,355000,,,,
2ACACE8D-0E57-295E-E063-4804A8C0B0EB,UB3 2PP,20,CROMWELL ROAD,S,2024-11-14,485000,,,,
2859C1AB-717E-52B4-E063-4804A8C05948,UB3 2FE,10,DIVINE WAY,T,2024-11-14,520000,,,,
4777E0AE-4A39-5D59-E063-4804A8C09F8E,UB3 1FP,7,GRAMOPHONE LANE,F,2024-11-21,295000,,,,
38EDC0C3-9094-0F63-E063-4704A8C00424,UB3 2FH,"TITUS LODGE, 44",VARCOE GARDENS,F,2024-11-22,205000,,,,
2ACACE8D-0EB7-295E-E063-4804A8C0B0EB,UB3 1NP,113,WENTWORTH CRESCENT,S,2024-11-22,537500,,,,
2859C1AB-70C0-52B4-E063-4804A8C05948,UB3 2TB,30,BISHOPS ROAD,S,2024-11-22,510000,,,,
2ACACE8C-85E7-295E-E063-4804A8C0B0EB,UB3 2FJ,"CENTURION HOUSE, 99",VARCOE GARDENS,F,2024-11-22,211050,,,,
34222871-E954-4D2B-E063-4704A8C07853,UB3 1DZ,"BOILER HOUSE, 2",MATERIAL WALK,F,2024-11-22,340000,,,,
34222872-8D07-4D2B-E063-4704A8C07853,UB3 4AG,19,RUTLAND ROAD,S,2024-11-25,550000,,,,
2ACACE8D-1223-295E-E063-4804A8C0B0EB,UB3 2UU,41,WILLENHALL DRIVE,T,2024-11-25,430000,,,,
42C129E4-DF7F-60A9-E063-4804A8C0C25D,UB3 3PY,52,GADE CLOSE,T,2024-11-26,350052,,,,
2ACACE8D-7B11-295E-E063-4804A8C0B0EB,UB3 2LW,140,CHURCH ROAD,F,2024-11-26,445000,,,,
3B5CE841-FF5B-EE3A-E063-4804A8C0D6F1,UB3 1JY,71,PRINCES PARK LANE,S,2024-11-27,515000,,,,
2ACACE8D-122A-295E-E063-4804A8C0B0EB,UB3 2EA,17,GLEBE ROAD,T,2024-11-27,550000,,,,
2F7F2B42-A09D-E08F-E063-4804A8C05A49,UB3 3PJ,37,ABBEY CLOSE,S,2024-11-29,410000,,,,
42C129E5-8FF3-60A9-E063-4804A8C0C25D,UB3 5DP,162,HIGH STREET,S,2024-11-29,580000,,,,
36A61A94-CC2B-DEF2-E063-4704A8C046AE,UB3 1EQ,UK COTTAGES,DAWLEY ROAD,S,2024-11-29,334000,,,,
34222872-917A-4D2B-E063-4704A8C07853,UB3 3PX,29,CLIVESDALE DRIVE,T,2024-11-29,315000,,,,
2ACACE8C-85A1-295E-E063-4804A8C0B0EB,UB3 1SW,37,NINE ACRES CLOSE,S,2024-12-02,515000,,,,
31C68072-574A-FEE3-E063-4804A8C04F37,UB3 5HH,23,PENDELL AVENUE,S,2024-12-02,525000,,,,
402A3A66-AC2D-A7DF-E063-4804A8C0B80D,UB3 4FS,"LAURINA APARTMENTS, 10",CARNATION GARDENS,F,2024-12-04,440000,,,,
2D4D7609-C509-BDF9-E063-4804A8C0672F,UB3 2FN,14,HAMBLE DRIVE,T,2024-12-05,515000,,,,
2ACACE8D-11A8-295E-E063-4804A8C0B0EB,UB3 5BN,3,BROWNGRAVES ROAD,S,2024-12-06,465000,,,,
44F406B7-1FFE-1095-E063-4704A8C048D4,UB3 5HY,"VANTAGE COURT, 37",OXFORD AVENUE,F,2024-12-06,295000,,,,
42C129E5-9221-60A9-E063-4804A8C0C25D,UB3 2AT,36,FORRIS AVENUE,F,2024-12-06,165000,,,,
36A61A94-3C1B-DEF2-E063-4704A8C046AE,UB3 2DD,10,REID CLOSE,F,2024-12-09,300000,,,,
2ACACE8D-1228-295E-E063-4804A8C0B0EB,UB3 2NN,11,LYCH GATE WALK,T,2024-12-11,460000,,,,
36A61A95-3859-DEF2-E063-4704A8C046AE,UB3 2FF,38,VARCOE GARDENS,T,2024-12-11,380000,,,,
42C129E5-688E-60A9-E063-4804A8C0C25D,UB3 5LT,22,WEST END LANE,F,2024-12-12,285000,,,,
2D4D7609-E558-BDF9-E063-4804A8C0672F,UB3 2QD,65,TUDOR ROAD,T,2024-12-12,446000,,,,
42C129E5-6A55-60A9-E063-4804A8C0C25D,UB3 1QZ,33,MARLOW GARDENS,T,2024-12-13,450000,,,,
2ACACE8C-89C4-295E-E063-4804A8C0B0EB,UB3 5ND,16,FIELD CLOSE,T,2024-12-13,309950,,,,
44F406B7-20B3-1095-E063-4704A8C048D4,UB3 4NA,ASA COURT,OLD STATION ROAD,F,2024-12-13,260000,,,,
34222873-2D3C-4D2B-E063-4704A8C07853,UB3 2AN,189,BOTWELL LANE,S,2024-12-16,530000,,,,
2F7F2B43-3EE7-E08F-E063-4804A8C05A49,UB3 2RJ,7,WOOD END,T,2024-12-17,465000,,,,
44F406B7-4485-1095-E063-4704A8C048D4,UB3 3PD,100,BIRCHWAY,S,2024-12-17,460000,,,,
44F406B7-1FDE-1095-E063-4704A8C048D4,UB3 4EP,LISTER HOUSE,CROYDE AVENUE,F,2024-12-17,310000,,,,
42C129E5-8FF6-60A9-E063-4804A8C0C25D,UB3 2QX,20,ANGEL LANE,D,2024-12-18,355000,,,,
31C68072-DE7E-FEE3-E063-4804A8C04F37,UB3 4FE,CARDINAL BUILDING,STATION APPROACH,F,2024-12-18,198000,,,,
44F406B6-A8F3-1095-E063-4704A8C048D4,UB3 4AN,258,STATION ROAD,S,2024-12-19,510000,,,,
2D4D7609-39A9-BDF9-E063-4804A8C0672F,UB3 1TD,84,WALTHAM AVENUE,T,2024-12-20,570000,,,,
44F406B6-ACA1-1095-E063-4704A8C048D4,UB3 5LJ,104,PENNINE WAY,F,2025-01-06,325000,,,,
2D4D7609-3A6D-BDF9-E063-4804A8C0672F,UB3 1TQ,51,COLBROOK AVENUE,S,2025-01-06,620000,,,,
2F7F2B42-9E1D-E08F-E063-4804A8C05A49,UB3 5LR,22,CHEVIOT CLOSE,T,2025-01-08,295000,,,,
2F7F2B43-3E7E-E08F-E063-4804A8C05A49,UB3 4JE,271,STATION ROAD,T,2025-01-13,600000,,,,
44F406B7-20A3-1095-E063-4704A8C048D4,UB3 1JW,54,BEECHWOOD AVENUE,T,2025-01-14,485000,,,,
402A3A66-AC3F-A7DF-E063-4804A8C0B80D,UB3 1LX,79,DAWLEY ROAD,F,2025-01-14,220000,,,,
2F7F2B43-430C-E08F-E063-4804A8C05A49,UB3 5LB,12,HALL LANE,T,2025-01-14,480000,,,,
2F7F2B43-42A2-E08F-E063-4804A8C05A49,UB3 4HF,24,SAVOY AVENUE,T,2025-01-15,375000,,,,
38EDC0C3-20BE-0F63-E063-4704A8C00424,UB3 5HL,18,LANGLEY CRESCENT,T,2025-01-17,550000,,,,
38EDC0C3-2158-0F63-E063-4704A8C00424,UB3 5HH,15,PENDELL AVENUE,S,2025-01-17,410000,,,,
4777E0AF-7678-5D59-E063-4804A8C09F8E,UB3 4FQ,"TRIDENT HOUSE, 76",STATION ROAD,F,2025-01-22,165000,,,,
31C68072-FD94-FEE3-E063-4804A8C04F37,UB3 4JW,52,CROWLAND AVENUE,S,2025-01-22,545000,,,,
2F7F2B43-BE60-E08F-E063-4804A8C05A49,UB3 2UJ,15,BARRA WOOD CLOSE,T,2025-01-24,455000,,,,
2F7F2B42-A086-E08F-E063-4804A8C05A49,UB3 2TB,24,BISHOPS ROAD,T,2025-01-24,520000,,,,
31C68072-FC9D-FEE3-E063-4804A8C04F37,UB3 4NQ,144,NORTH HYDE ROAD,S,2025-01-27,460000,,,,
2F7F2B43-3E99-E08F-E063-4804A8C05A49,UB3 1TE,120,WALTHAM AVENUE,T,2025-01-29,490000,,,,
2F7F2B43-3E3C-E08F-E063-4804A8C05A49,UB3 1RG,25,STORMOUNT DRIVE,T,2025-01-31,515000,,,,
3B5CE841-FED4-EE3A-E063-4804A8C0D6F1,UB3 5HS,63,ETON ROAD,S,2025-01-31,550000,,,,
2F7F2B42-9DE7-E08F-E063-4804A8C05A49,UB3 2DD,30,REID CLOSE,F,2025-01-31,280000,,,,
3B5CE842-9E51-EE3A-E063-4804A8C0D6F1,UB3 5AH,46,BATH ROAD,D,2025-01-31,900000,,,,
2F7F2B43-DBC6-E08F-E063-4804A8C05A49,UB3 5HS,59,ETON ROAD,S,2025-01-31,450000,,,,
4777E0AE-4A05-5D59-E063-4804A8C09F8E,UB3 4SP,14,RIBAND WALK,F,2025-01-31,453000,,,,
2F7F2B43-3E34-E08F-E063-4804A8C05A49,UB3 1NR,151,WENTWORTH CRESCENT,S,2025-02-04,272500,,,,
3B5CE841-FF74-EE3A-E063-4804A8C0D6F1,UB3 1NG,20,PINKWELL AVENUE,S,2025-02-05,525000,,,,
4777E0AF-9AFB-5D59-E063-4804A8C09F8E,UB3 2ER,2,FIFTH AVENUE,T,2025-02-05,860000,,,,
3B5CE842-02D7-EE3A-E063-4804A8C0D6F1,UB3 5LJ,106,PENNINE WAY,S,2025-02-06,295000,,,,
2F7F2B42-9E87-E08F-E063-4804A8C05A49,UB3 2FH,"SPA HOUSE, 48",VARCOE GARDENS,F,2025-02-06,315000,,,,
3B5CE841-FEE5-EE3A-E063-4804A8C0D6F1,UB3 4AS,14,BUSHEY ROAD,T,2025-02-07,525000,,,,
3B5CE841-5F80-EE3A-E063-4804A8C0D6F1,UB3 5EG,11,MANOR LANE,D,2025-02-07,542000,,,,
3B5CE842-0285-EE3A-E063-4804A8C0D6F1,UB3 2TJ,26,HANOVER CIRCLE,S,2025-02-10,503000,,,,
31C68071-B055-FEE3-E063-4804A8C04F37,UB3 2HF,87,LONGMEAD ROAD,S,2025-02-10,450000,,,,
402A3A66-2649-A7DF-E063-4804A8C0B80D,UB3 2DP,21,HESA ROAD,S,2025-02-12,620000,,,,
31C68072-5A81-FEE3-E063-4804A8C04F37,UB3 2QU,6,WAYLANDS,S,2025-02-12,420000,,,,
3B5CE841-61FB-EE3A-E063-4804A8C0D6F1,UB3 3PY,16,GADE CLOSE,F,2025-02-13,229500,,,,
38EDC0C3-2172-0F63-E063-4704A8C00424,UB3 4PA,2,HYDE WAY,S,2025-02-14,510000,,,,
3B5CE842-7D3F-EE3A-E063-4804A8C0D6F1,UB3 2JL,35,RECTORY ROAD,T,2025-02-14,500000,,,,
2F7F2B43-43F7-E08F-E063-4804A8C05A49,UB3 2NY,29,JUDGE HEATH LANE,S,2025-02-17,550000,,,,
31C68072-55F6-FEE3-E063-4804A8C04F37,UB3 2AX,64,MORAY AVENUE,S,2025-02-19,555000,,,,
31C68071-AE37-FEE3-E063-4804A8C04F37,UB3 2FW,"FULMAR HOUSE, 28",ALBACORE WAY,F,2025-02-20,327000,,,,
31C68071-B08C-FEE3-E063-4804A8C04F37,UB3 4EH,LANGTHORNE HOUSE,CROYDE AVENUE,F,2025-02-21,315000,,,,
2F7F2B43-DBE9-E08F-E063-4804A8C05A49,UB3 5DS,210,HIGH STREET,T,2025-02-27,205000,,,,
36A61A94-C96B-DEF2-E063-4704A8C046AE,UB3 1TG,41,COLBROOK AVENUE,S,2025-02-27,600000,,,,
31C68072-5667-FEE3-E063-4804A8C04F37,UB3 2ND,26,ACACIA AVENUE,S,2025-02-28,564000,,,,
3DCCB7C9-952C-5B9D-E063-4704A8C0331E,UB3 4FG,SIGNAL BUILDING,STATION APPROACH,F,2025-02-28,360000,,,,
3DCCB7C9-956B-5B9D-E063-4704A8C0331E,UB3 5EG,27A,MANOR LANE,D,2025-02-28,455000,,,,
3B5CE841-6226-EE3A-E063-4804A8C0D6F1,UB3 1FF,"BLUENOTE APARTMENTS, 34",BLYTH ROAD,F,2025-02-28,420000,,,,
3B5CE842-7DC9-EE3A-E063-4804A8C0D6F1,UB3 4NA,ASA COURT,OLD STATION ROAD,F,2025-02-28,320000,,,,
31C68071-B306-FEE3-E063-4804A8C04F37,UB3 3PG,101,ABBOTSWOOD WAY,F,2025-02-28,155000,,,,
402A3A66-2279-A7DF-E063-4804A8C0B80D,UB3 2SF,49,WOOD END GREEN ROAD,D,2025-02-28,560000,,,,
34222872-9110-4D2B-E063-4704A8C07853,UB3 5LL,16,PENNINE WAY,F,2025-02-28,325000,,,,
31C68072-FC60-FEE3-E063-4804A8C04F37,UB3 1AX,1,CLAYTON ROAD,D,2025-03-03,600000,,,,
49E87C32-E2BB-591C-E063-4704A8C00C31,UB3 4HE,7,SAVOY AVENUE,T,2025-03-03,890000,,,,
49E87C32-B68D-591C-E063-4704A8C00C31,UB3 2EU,9,EIGHTH AVENUE,T,2025-03-03,525000,,,,
4E75C29C-C9AF-8922-E063-4804A8C094D0,UB3 5NH,106,BRENDON CLOSE,F,2025-03-05,178000,,,,
36A61A94-C9B7-DEF2-E063-4704A8C046AE,UB3 2TT,31,KINGSWAY,S,2025-03-07,530000,,,,
3DCCB7C9-920E-5B9D-E063-4704A8C0331E,UB3 2AZ,56,COMPTON ROAD,T,2025-03-07,275000,,,,
3DCCB7CA-C575-5B9D-E063-4704A8C0331E,UB3 1LF,100,JUNIPER WAY,T,2025-03-07,440000,,,,
31C68072-5749-FEE3-E063-4804A8C04F37,UB3 5HH,19,PENDELL AVENUE,T,2025-03-10,370000,,,,
49E87C32-2E86-591C-E063-4704A8C00C31,UB3 1SF,51,NIELD ROAD,S,2025-03-10,540000,,,,
3DCCB7C9-9439-5B9D-E063-4704A8C0331E,UB3 5LZ,7,GILPIN WAY,F,2025-03-10,315000,,,,
34222873-0E90-4D2B-E063-4704A8C07853,UB3 2UU,61,WILLENHALL DRIVE,F,2025-03-12,240000,,,,
36A61A95-55FB-DEF2-E063-4704A8C046AE,UB3 4QL,57,BLACK ROD CLOSE,F,2025-03-12,168000,,,,
31C68072-5AFC-FEE3-E063-4804A8C04F37,UB3 2EP,32,TOWNFIELD ROAD,S,2025-03-13,514500,,,,
34222872-9144-4D2B-E063-4704A8C07853,UB3 2SF,73,WOOD END GREEN ROAD,F,2025-03-14,198000,,,,
34222871-E6CB-4D2B-E063-4704A8C07853,UB3 5BH,86,BOLTONS LANE,F,2025-03-14,213000,,,,
31C68072-55F9-FEE3-E063-4804A8C04F37,UB3 1NZ,39,ELERS ROAD,T,2025-03-14,457500,,,,
50D10B83-B4FF-B8D0-E063-4704A8C08D98,UB3 1FP,7,GRAMOPHONE LANE,F,2025-03-17,310000,,,,
44F406B7-4487-1095-E063-4704A8C048D4,UB3 1PL,32,SKIPTON DRIVE,S,2025-03-17,495000,,,,
34222872-905A-4D2B-E063-4704A8C07853,UB3 1LZ,123,DAWLEY ROAD,F,2025-03-17,215000,,,,
4E75C29D-72E3-8922-E063-4804A8C094D0,UB3 4LA,8,CRANFORD DRIVE,S,2025-03-17,596000,,,,
34222871-E9EC-4D2B-E063-4704A8C07853,UB3 4FS,"LAURINA APARTMENTS, 10",CARNATION GARDENS,F,2025-03-17,440000,,,,
34222871-E6A5-4D2B-E063-4704A8C07853,UB3 1PF,40,PINKWELL LANE,T,2025-03-17,460000,,,,
31C68072-5B79-FEE3-E063-4804A8C04F37,UB3 2HQ,5,DRENON SQUARE,S,2025-03-18,530000,,,,
4777E0AF-7719-5D59-E063-4804A8C09F8E,UB3 4SN,"CATURRA COURT, 48",CRANTON AVENUE,F,2025-03-20,315000,,,,
4E75C29C-CBFA-8922-E063-4804A8C094D0,UB3 4SN,"CATURRA COURT, 48",CRANTON AVENUE,F,2025-03-20,299000,,,,
4777E0AE-4A0D-5D59-E063-4804A8C09F8E,UB3 4SN,"CATURRA COURT, 48",CRANTON AVENUE,F,2025-03-20,359000,,,,
34222873-0E61-4D2B-E063-4704A8C07853,UB3 2FH,"SPA HOUSE, 48",VARCOE GARDENS,F,2025-03-21,300000,,,,
402A3A66-2658-A7DF-E063-4804A8C0B80D,UB3 5EX,4,BLETCHMORE CLOSE,S,2025-03-21,628000,,,,
49E87C32-B660-591C-E063-4704A8C00C31,UB3 2FS,43,ALBACORE WAY,T,2025-03-21,585000,,,,
4777E0AE-4A20-5D59-E063-4804A8C09F8E,UB3 4SN,"CATURRA COURT, 48",CRANTON AVENUE,F,2025-03-21,450000,,,,
3DCCB7C9-91FB-5B9D-E063-4704A8C0331E,UB3 4BN,14,COPTHORNE MEWS,F,2025-03-21,182000,,,,
44F406B6-1190-1095-E063-4704A8C048D4,UB3 5BZ,"COMET HOUSE, 81",NEW ROAD,F,2025-03-21,280000,,,,
3DCCB7CA-2CB6-5B9D-E063-4704A8C0331E,UB3 4PD,12,CRANE GARDENS,T,2025-03-21,500500,,,,
4C1B673E-CBB8-D8EA-E063-4704A8C0BF7D,UB3 3PY,27,GADE CLOSE,S,2025-03-21,410000,,,,
34222872-90AD-4D2B-E063-4704A8C07853,UB3 5BD,30,NEW ROAD,S,2025-03-24,570000,,,,
4777E0AE-4A26-5D59-E063-4804A8C09F8E,UB3 4SN,"CATURRA COURT, 48",CRANTON AVENUE,F,2025-03-24,300390,,,,
50D10B83-B4BB-B8D0-E063-4704A8C08D98,UB3 4SN,"CATURRA COURT, 48",CRANTON AVENUE,F,2025-03-24,386000,,,,
36A61A94-4128-DEF2-E063-4704A8C046AE,UB3 4SN,"CATURRA COURT, 48",CRANTON AVENUE,F,2025-03-24,453320,,,,
49E87C32-B61A-591C-E063-4704A8C00C31,UB3 5LU,46,WEST END LANE,F,2025-03-24,295000,,,,
50D10B83-B4B8-B8D0-E063-4704A8C08D98,UB3 4SN,"CATURRA COURT, 48",CRANTON AVENUE,F,2025-03-24,352450,,,,
50D10B83-B4BC-B8D0-E063-4704A8C08D98,UB3 4SN,"CATURRA COURT, 48",CRANTON AVENUE,F,2025-03-24,464550,,,,
4777E0AE-4A13-5D59-E063-4804A8C09F8E,UB3 4SN,"CATURRA COURT, 48",CRANTON AVENUE,F,2025-03-24,360000,,,,
50D10B83-B4CB-B8D0-E063-4704A8C08D98,UB3 4SN,"CATURRA COURT, 48",CRANTON AVENUE,F,2025-03-24,508550,,,,
34222871-E815-4D2B-E063-4704A8C07853,UB3 2ES,4,SIXTH AVENUE,S,2025-03-25,582500,,,,
4777E0AE-4A10-5D59-E063-4804A8C09F8E,UB3 4SN,"CATURRA COURT, 48",CRANTON AVENUE,F,2025-03-25,446975,,,,
4777E0AE-4A18-5D59-E063-4804A8C09F8E,UB3 4SN,"CATURRA COURT, 48",CRANTON AVENUE,F,2025-03-25,443075,,,,
4C1B6740-060C-D8EA-E063-4704A8C0BF7D,UB3 2AS,10,FORRIS AVENUE,S,2025-03-25,520000,,,,
4777E0AE-4A11-5D59-E063-4804A8C09F8E,UB3 4SN,"CATURRA COURT, 48",CRANTON AVENUE,F,2025-03-25,461580,,,,
4777E0AE-4A21-5D59-E063-4804A8C09F8E,UB3 4SN,"CATURRA COURT, 48",CRANTON AVENUE,F,2025-03-25,356960,,,,
4777E0AE-4A14-5D59-E063-4804A8C09F8E,UB3 4SN,"CATURRA COURT, 48",CRANTON AVENUE,F,2025-03-25,335000,,,,
4777E0AE-4A17-5D59-E063-4804A8C09F8E,UB3 4SN,"CATURRA COURT, 48",CRANTON AVENUE,F,2025-03-25,489000,,,,
4777E0AE-4A12-5D59-E063-4804A8C09F8E,UB3 4SN,"CATURRA COURT, 48",CRANTON AVENUE,F,2025-03-25,462000,,,,
50D10B83-B4D8-B8D0-E063-4704A8C08D98,UB3 4SN,"CATURRA COURT, 48",CRANTON AVENUE,F,2025-03-26,420000,,,,
4C1B6740-07C1-D8EA-E063-4704A8C0BF7D,UB3 1JR,26,ASH GROVE,T,2025-03-26,510000,,,,
4E75C29E-2E7D-8922-E063-4804A8C094D0,UB3 2BJ,34,EVERGREEN WAY,T,2025-03-26,470000,,,,
42C129E5-69DA-60A9-E063-4804A8C0C25D,UB3 1FP,7,GRAMOPHONE LANE,F,2025-03-26,330000,,,,
34222872-9131-4D2B-E063-4704A8C07853,UB3 3PB,75,BIRCHWAY,S,2025-03-27,650000,,,,
34222873-2D41-4D2B-E063-4704A8C07853,UB3 3JW,65,MINET DRIVE,S,2025-03-28,490000,,,,
402A3A66-2539-A7DF-E063-4804A8C0B80D,UB3 5LL,30,PENNINE WAY,F,2025-03-28,345000,,,,
50D10B83-B4CD-B8D0-E063-4704A8C08D98,UB3 4SN,"CATURRA COURT, 48",CRANTON AVENUE,F,2025-03-28,408500,,,,
49E87C32-2E75-591C-E063-4704A8C00C31,UB3 5HL,8,LANGLEY CRESCENT,T,2025-03-28,190000,,,,
36A61A94-CA12-DEF2-E063-4704A8C046AE,UB3 2PL,22,COMMONWEALTH AVENUE,S,2025-03-28,535500,,,,
34222872-8FF2-4D2B-E063-4704A8C07853,UB3 2TZ,90,KINGSWAY,T,2025-03-28,558000,,,,
38EDC0C3-90CA-0F63-E063-4704A8C00424,UB3 2HF,81,LONGMEAD ROAD,S,2025-03-28,420000,,,,
34222871-E6A0-4D2B-E063-4704A8C07853,UB3 5LR,17,CHEVIOT CLOSE,T,2025-03-28,307000,,,,
4C1B6740-0DD7-D8EA-E063-4704A8C0BF7D,UB3 1RD,7,CLEVEDON GARDENS,T,2025-03-28,425000,,,,
38EDC0C3-AEA9-0F63-E063-4704A8C00424,UB3 3JU,48,HALSWAY,S,2025-03-28,565000,,,,
36A61A94-3CEC-DEF2-E063-4704A8C046AE,UB3 3DX,2,MAXWELL CLOSE,T,2025-03-28,263000,,,,
4C1B6740-05D8-D8EA-E063-4704A8C0BF7D,UB3 3HH,232,COLDHARBOUR LANE,D,2025-03-28,540000,,,,
402A3A66-218C-A7DF-E063-4804A8C0B80D,UB3 4EB,21,BEDWELL GARDENS,T,2025-03-28,490000,,,,
4777E0AE-4A4A-5D59-E063-4804A8C09F8E,UB3 4SN,"CATURRA COURT, 48",CRANTON AVENUE,F,2025-03-28,330000,,,,
4C1B6740-05E4-D8EA-E063-4704A8C0BF7D,UB3 4RA,165,ROSEVILLE ROAD,S,2025-03-28,600000,,,,
38EDC0C2-950F-0F63-E063-4704A8C00424,UB3 4FA,VANTAGE BUILDING,STATION APPROACH,F,2025-03-28,233000,,,,
42C129E4-26B5-60A9-E063-4804A8C0C25D,UB3 2RB,18,MIDDLETON ROAD,T,2025-03-28,405000,,,,
34222871-E77E-4D2B-E063-4704A8C07853,UB3 4FF,NAVIGATION BUILDING,STATION APPROACH,F,2025-03-31,272000,,,,
49E87C32-E368-591C-E063-4704A8C00C31,UB3 5ND,1,FIELD CLOSE,S,2025-03-31,550000,,,,
402A3A66-2659-A7DF-E063-4804A8C0B80D,UB3 1NH,80,PINKWELL AVENUE,T,2025-03-31,510000,,,,
36A61A94-3C63-DEF2-E063-4704A8C046AE,UB3 1SW,69,NINE ACRES CLOSE,S,2025-03-31,477000,,,,
50D10B84-A51F-B8D0-E063-4704A8C08D98,UB3 4SN,"CATURRA COURT, 48",CRANTON AVENUE,F,2025-03-31,449000,,,,
44F406B6-130D-1095-E063-4704A8C048D4,UB3 1DZ,"BOILER HOUSE, 2",MATERIAL WALK,F,2025-03-31,270000,,,,
4C1B673F-DD3D-D8EA-E063-4704A8C0BF7D,UB3 4NZ,44,FAIREY AVENUE,F,2025-03-31,305000,,,,
34222871-E745-4D2B-E063-4704A8C07853,UB3 5NS,"OAKLEY COURT, 80A",THE CRESCENT,F,2025-03-31,290000,,,,
50D10B83-B1CD-B8D0-E063-4704A8C08D98,UB3 5HY,"VANTAGE COURT, 37",OXFORD AVENUE,F,2025-03-31,250000,,,,
3B5CE842-02FB-EE3A-E063-4804A8C0D6F1,UB3 3JU,95,HALSWAY,S,2025-03-31,475000,,,,
36A61A94-3E7F-DEF2-E063-4704A8C046AE,UB3 4FS,"LAURINA APARTMENTS, 10",CARNATION GARDENS,F,2025-03-31,427000,,,,
4C1B6740-061C-D8EA-E063-4704A8C0BF7D,UB3 2QZ,19,ANGEL LANE,T,2025-03-31,480000,,,,
4E75C29C-CBB2-8922-E063-4804A8C094D0,UB3 1FP,7,GRAMOPHONE LANE,F,2025-03-31,299995,,,,
49E87C32-B794-591C-E063-4704A8C00C31,UB3 5FB,"PENINSULA HOUSE, 4",NOBEL DRIVE,F,2025-04-01,280000,,,,
4777E0AF-7739-5D59-E063-4804A8C09F8E,UB3 5FA,"ATLANTICO HOUSE, 3",NOBEL DRIVE,F,2025-04-01,300000,,,,
4777E0AF-772C-5D59-E063-4804A8C09F8E,UB3 5FA,"ATLANTICO HOUSE, 3",NOBEL DRIVE,F,2025-04-01,310000,,,,
49E87C32-B799-591C-E063-4704A8C00C31,UB3 5FB,"PENINSULA HOUSE, 4",NOBEL DRIVE,F,2025-04-01,335000,,,,
4777E0AF-773B-5D59-E063-4804A8C09F8E,UB3 5FA,"ATLANTICO HOUSE, 3",NOBEL DRIVE,F,2025-04-01,290000,,,,
49E87C32-B782-591C-E063-4704A8C00C31,UB3 5FB,"PENINSULA HOUSE, 4",NOBEL DRIVE,F,2025-04-01,275000,,,,
4777E0AF-771F-5D59-E063-4804A8C09F8E,UB3 5FB,"PENINSULA HOUSE, 4",NOBEL DRIVE,F,2025-04-01,310000,,,,
49E87C32-B791-591C-E063-4704A8C00C31,UB3 5FB,"PENINSULA HOUSE, 4",NOBEL DRIVE,F,2025-04-01,280000,,,,
49E87C32-B789-591C-E063-4704A8C00C31,UB3 5FB,"PENINSULA HOUSE, 4",NOBEL DRIVE,F,2025-04-01,290000,,,,
4777E0AF-774D-5D59-E063-4804A8C09F8E,UB3 5FA,"ATLANTICO HOUSE, 3",NOBEL DRIVE,F,2025-04-01,290000,,,,
49E87C32-B785-591C-E063-4704A8C00C31,UB3 5FB,"PENINSULA HOUSE, 4",NOBEL DRIVE,F,2025-04-01,290000,,,,
4777E0AF-774C-5D59-E063-4804A8C09F8E,UB3 5FA,"ATLANTICO HOUSE, 3",NOBEL DRIVE,F,2025-04-01,235000,,,,
4777E0AF-7743-5D59-E063-4804A8C09F8E,UB3 5FA,"ATLANTICO HOUSE, 3",NOBEL DRIVE,F,2025-04-01,310000,,,,
4777E0AF-7749-5D59-E063-4804A8C09F8E,UB3 5FA,"ATLANTICO HOUSE, 3",NOBEL DRIVE,F,2025-04-01,300000,,,,
49E87C32-B797-591C-E063-4704A8C00C31,UB3 5FB,"PENINSULA HOUSE, 4",NOBEL DRIVE,F,2025-04-01,360000,,,,
4777E0AF-7737-5D59-E063-4804A8C09F8E,UB3 5FA,"ATLANTICO HOUSE, 3",NOBEL DRIVE,F,2025-04-01,310000,,,,
4777E0AF-7735-5D59-E063-4804A8C09F8E,UB3 5FA,"ATLANTICO HOUSE, 3",NOBEL DRIVE,F,2025-04-01,245000,,,,
4777E0AF-7741-5D59-E063-4804A8C09F8E,UB3 5FA,"ATLANTICO HOUSE, 3",NOBEL DRIVE,F,2025-04-01,290000,,,,
49E87C32-B780-591C-E063-4704A8C00C31,UB3 5FB,"PENINSULA HOUSE, 4",NOBEL DRIVE,F,2025-04-01,280000,,,,
49E87C32-B78B-591C-E063-4704A8C00C31,UB3 5FB,"PENINSULA HOUSE, 4",NOBEL DRIVE,F,2025-04-01,275000,,,,
4777E0AF-774A-5D59-E063-4804A8C09F8E,UB3 5FA,"ATLANTICO HOUSE, 3",NOBEL DRIVE,F,2025-04-01,300000,,,,
4777E0AF-7728-5D59-E063-4804A8C09F8E,UB3 5FB,"PENINSULA HOUSE, 4",NOBEL DRIVE,F,2025-04-01,275000,,,,
4777E0AF-7744-5D59-E063-4804A8C09F8E,UB3 5FA,"ATLANTICO HOUSE, 3",NOBEL DRIVE,F,2025-04-01,310000,,,,
4777E0AF-7720-5D59-E063-4804A8C09F8E,UB3 5FB,"PENINSULA HOUSE, 4",NOBEL DRIVE,F,2025-04-01,275000,,,,
49E87C32-B78D-591C-E063-4704A8C00C31,UB3 5FB,"PENINSULA HOUSE, 4",NOBEL DRIVE,F,2025-04-01,275000,,,,
49E87C32-B77F-591C-E063-4704A8C00C31,UB3 5FB,"PENINSULA HOUSE, 4",NOBEL DRIVE,F,2025-04-01,290000,,,,
4777E0AF-7731-5D59-E063-4804A8C09F8E,UB3 5FA,"ATLANTICO HOUSE, 3",NOBEL DRIVE,F,2025-04-01,300000,,,,
49E87C32-B787-591C-E063-4704A8C00C31,UB3 5FB,"PENINSULA HOUSE, 4",NOBEL DRIVE,F,2025-04-01,290000,,,,
49E87C32-B796-591C-E063-4704A8C00C31,UB3 5FB,"PENINSULA HOUSE, 4",NOBEL DRIVE,F,2025-04-01,290000,,,,
4777E0AF-772A-5D59-E063-4804A8C09F8E,UB3 5FA,"ATLANTICO HOUSE, 3",NOBEL DRIVE,F,2025-04-01,310000,,,,
4777E0AF-773C-5D59-E063-4804A8C09F8E,UB3 5FA,"ATLANTICO HOUSE, 3",NOBEL DRIVE,F,2025-04-01,290000,,,,
49E87C32-B792-591C-E063-4704A8C00C31,UB3 5FB,"PENINSULA HOUSE, 4",NOBEL DRIVE,F,2025-04-01,310000,,,,
4777E0AF-7730-5D59-E063-4804A8C09F8E,UB3 5FA,"ATLANTICO HOUSE, 3",NOBEL DRIVE,F,2025-04-01,290000,,,,
4777E0AF-773F-5D59-E063-4804A8C09F8E,UB3 5FA,"ATLANTICO HOUSE, 3",NOBEL DRIVE,F,2025-04-01,275000,,,,
4777E0AF-7718-5D59-E063-4804A8C09F8E,UB3 5FB,"PENINSULA HOUSE, 4",NOBEL DRIVE,F,2025-04-01,275000,,,,
4777E0AF-7724-5D59-E063-4804A8C09F8E,UB3 5FB,"PENINSULA HOUSE, 4",NOBEL DRIVE,F,2025-04-01,360000,,,,
4777E0AF-7740-5D59-E063-4804A8C09F8E,UB3 5FA,"ATLANTICO HOUSE, 3",NOBEL DRIVE,F,2025-04-01,235000,,,,
49E87C32-B77D-591C-E063-4704A8C00C31,UB3 5FB,"PENINSULA HOUSE, 4",NOBEL DRIVE,F,2025-04-01,275000,,,,
49E87C32-B790-591C-E063-4704A8C00C31,UB3 5FB,"PENINSULA HOUSE, 4",NOBEL DRIVE,F,2025-04-01,290000,,,,
4777E0AF-7733-5D59-E063-4804A8C09F8E,UB3 5FA,"ATLANTICO HOUSE, 3",NOBEL DRIVE,F,2025-04-01,275000,,,,
4777E0AF-7746-5D59-E063-4804A8C09F8E,UB3 5FA,"ATLANTICO HOUSE, 3",NOBEL DRIVE,F,2025-04-01,300000,,,,
49E87C32-B793-591C-E063-4704A8C00C31,UB3 5FB,"PENINSULA HOUSE, 4",NOBEL DRIVE,F,2025-04-01,275000,,,,
49E87C32-B77C-591C-E063-4704A8C00C31,UB3 5FB,"PENINSULA HOUSE, 4",NOBEL DRIVE,F,2025-04-01,265000,,,,
4777E0AF-771A-5D59-E063-4804A8C09F8E,UB3 5FB,"PENINSULA HOUSE, 4",NOBEL DRIVE,F,2025-04-01,265000,,,,
4777E0AF-7732-5D59-E063-4804A8C09F8E,UB3 5FA,"ATLANTICO HOUSE, 3",NOBEL DRIVE,F,2025-04-01,300000,,,,
4777E0AF-771E-5D59-E063-4804A8C09F8E,UB3 5FB,"PENINSULA HOUSE, 4",NOBEL DRIVE,F,2025-04-01,280000,,,,
49E87C32-B795-591C-E063-4704A8C00C31,UB3 5FB,"PENINSULA HOUSE, 4",NOBEL DRIVE,F,2025-04-01,390000,,,,
4777E0AF-771B-5D59-E063-4804A8C09F8E,UB3 5FB,"PENINSULA HOUSE, 4",NOBEL DRIVE,F,2025-04-01,275000,,,,
4777E0AF-7726-5D59-E063-4804A8C09F8E,UB3 5FB,"PENINSULA HOUSE, 4",NOBEL DRIVE,F,2025-04-01,290000,,,,
49E87C32-B786-591C-E063-4704A8C00C31,UB3 5FB,"PENINSULA HOUSE, 4",NOBEL DRIVE,F,2025-04-01,360000,,,,
44F406B7-2193-1095-E063-4704A8C048D4,UB3 5FB,"PENINSULA HOUSE, 4",NOBEL DRIVE,F,2025-04-01,290000,,,,
4777E0AF-7748-5D59-E063-4804A8C09F8E,UB3 5FA,"ATLANTICO HOUSE, 3",NOBEL DRIVE,F,2025-04-01,290000,,,,
49E87C32-B784-591C-E063-4704A8C00C31,UB3 5FB,"PENINSULA HOUSE, 4",NOBEL DRIVE,F,2025-04-01,390000,,,,
49E87C32-B783-591C-E063-4704A8C00C31,UB3 5FB,"PENINSULA HOUSE, 4",NOBEL DRIVE,F,2025-04-01,280000,,,,
4777E0AF-7736-5D59-E063-4804A8C09F8E,UB3 5FA,"ATLANTICO HOUSE, 3",NOBEL DRIVE,F,2025-04-01,370000,,,,
4777E0AF-772F-5D59-E063-4804A8C09F8E,UB3 5FA,"ATLANTICO HOUSE, 3",NOBEL DRIVE,F,2025-04-01,290000,,,,
4777E0AF-774B-5D59-E063-4804A8C09F8E,UB3 5FA,"ATLANTICO HOUSE, 3",NOBEL DRIVE,F,2025-04-01,275000,,,,
4777E0AF-7738-5D59-E063-4804A8C09F8E,UB3 5FA,"ATLANTICO HOUSE, 3",NOBEL DRIVE,F,2025-04-01,310000,,,,
4777E0AF-7722-5D59-E063-4804A8C09F8E,UB3 5FB,"PENINSULA HOUSE, 4",NOBEL DRIVE,F,2025-04-01,390000,,,,
4777E0AF-7742-5D59-E063-4804A8C09F8E,UB3 5FA,"ATLANTICO HOUSE, 3",NOBEL DRIVE,F,2025-04-01,370000,,,,
4777E0AF-7747-5D59-E063-4804A8C09F8E,UB3 5FA,"ATLANTICO HOUSE, 3",NOBEL DRIVE,F,2025-04-01,290000,,,,
4777E0AF-7734-5D59-E063-4804A8C09F8E,UB3 5FA,"ATLANTICO HOUSE, 3",NOBEL DRIVE,F,2025-04-01,235000,,,,
4777E0AF-7745-5D59-E063-4804A8C09F8E,UB3 5FA,"ATLANTICO HOUSE, 3",NOBEL DRIVE,F,2025-04-01,300000,,,,
49E87C32-B781-591C-E063-4704A8C00C31,UB3 5FB,"PENINSULA HOUSE, 4",NOBEL DRIVE,F,2025-04-01,310000,,,,
49E87C32-B78C-591C-E063-4704A8C00C31,UB3 5FB,"PENINSULA HOUSE, 4",NOBEL DRIVE,F,2025-04-01,265000,,,,
4777E0AF-7729-5D59-E063-4804A8C09F8E,UB3 5FA,"ATLANTICO HOUSE, 3",NOBEL DRIVE,F,2025-04-01,370000,,,,
4777E0AF-7727-5D59-E063-4804A8C09F8E,UB3 5FB,"PENINSULA HOUSE, 4",NOBEL DRIVE,F,2025-04-01,290000,,,,
4777E0AF-773A-5D59-E063-4804A8C09F8E,UB3 5FA,"ATLANTICO HOUSE, 3",NOBEL DRIVE,F,2025-04-01,300000,,,,
4777E0AF-7721-5D59-E063-4804A8C09F8E,UB3 5FB,"PENINSULA HOUSE, 4",NOBEL DRIVE,F,2025-04-01,280000,,,,
4777E0AF-772D-5D59-E063-4804A8C09F8E,UB3 5FA,"ATLANTICO HOUSE, 3",NOBEL DRIVE,F,2025-04-01,300000,,,,
4777E0AF-772E-5D59-E063-4804A8C09F8E,UB3 5FA,"ATLANTICO HOUSE, 3",NOBEL DRIVE,F,2025-04-01,300000,,,,
49E87C32-B78E-591C-E063-4704A8C00C31,UB3 5FB,"PENINSULA HOUSE, 4",NOBEL DRIVE,F,2025-04-01,275000,,,,
49E87C32-B798-591C-E063-4704A8C00C31,UB3 5FB,"PENINSULA HOUSE, 4",NOBEL DRIVE,F,2025-04-01,350000,,,,
49E87C32-B77E-591C-E063-4704A8C00C31,UB3 5FB,"PENINSULA HOUSE, 4",NOBEL DRIVE,F,2025-04-01,275000,,,,
4777E0AF-773D-5D59-E063-4804A8C09F8E,UB3 5FA,"ATLANTICO HOUSE, 3",NOBEL DRIVE,F,2025-04-01,300000,,,,
4777E0AF-7723-5D59-E063-4804A8C09F8E,UB3 5FB,"PENINSULA HOUSE, 4",NOBEL DRIVE,F,2025-04-01,290000,,,,
49E87C31-881C-591C-E063-4704A8C00C31,UB3 2QA,10B,TUDOR ROAD,F,2025-04-01,305000,,,,
4777E0AF-771D-5D59-E063-4804A8C09F8E,UB3 5FB,"PENINSULA HOUSE, 4",NOBEL DRIVE,F,2025-04-01,290000,,,,
49E87C32-B788-591C-E063-4704A8C00C31,UB3 5FB,"PENINSULA HOUSE, 4",NOBEL DRIVE,F,2025-04-01,290000,,,,
4777E0AF-771C-5D59-E063-4804A8C09F8E,UB3 5FB,"PENINSULA HOUSE, 4",NOBEL DRIVE,F,2025-04-01,275000,,,,
4777E0AF-7725-5D59-E063-4804A8C09F8E,UB3 5FB,"PENINSULA HOUSE, 4",NOBEL DRIVE,F,2025-04-01,290000,,,,
4777E0AF-773E-5D59-E063-4804A8C09F8E,UB3 5FA,"ATLANTICO HOUSE, 3",NOBEL DRIVE,F,2025-04-01,300000,,,,
4777E0AE-4A27-5D59-E063-4804A8C09F8E,UB3 4SN,"CATURRA COURT, 48",CRANTON AVENUE,F,2025-04-04,297160,,,,
4C1B673E-CB6C-D8EA-E063-4704A8C0BF7D,UB3 2DD,42,REID CLOSE,F,2025-04-04,315000,,,,
36A61A94-CCE4-DEF2-E063-4704A8C046AE,UB3 3JE,46,HUNTERS GROVE,S,2025-04-07,560000,,,,
4777E0AE-4652-5D59-E063-4804A8C09F8E,UB3 5BH,80,BOLTONS LANE,F,2025-04-10,282000,,,,
4E75C29D-FB5A-8922-E063-4804A8C094D0,UB3 1JR,30,ASH GROVE,T,2025-04-11,490000,,,,
4E75C29E-2DF0-8922-E063-4804A8C094D0,UB3 4HA,54,CLEAVE AVENUE,T,2025-04-11,415000,,,,
34222872-9154-4D2B-E063-4704A8C07853,UB3 2AT,44,FORRIS AVENUE,F,2025-04-11,299950,,,,
34222872-8D14-4D2B-E063-4704A8C07853,UB3 1NG,12,PINKWELL AVENUE,S,2025-04-14,485000,,,,
4E75C29D-FA81-8922-E063-4804A8C094D0,UB3 4EW,GURNEY HOUSE,CROYDE AVENUE,F,2025-04-15,337500,,,,
4C1B6740-0DD4-D8EA-E063-4704A8C0BF7D,UB3 1QL,17,BOURNE AVENUE,T,2025-04-24,427000,,,,
4E75C29C-C77D-8922-E063-4804A8C094D0,UB3 4FD,CARDINAL BUILDING,STATION APPROACH,F,2025-04-25,210000,,,,
38EDC0C3-24E0-0F63-E063-4704A8C00424,UB3 5LH,8,MENDIP CLOSE,F,2025-04-25,325000,,,,
36A61A94-3C70-DEF2-E063-4704A8C046AE,UB3 5BH,90,BOLTONS LANE,F,2025-04-25,185000,,,,
49E87C32-E339-591C-E063-4704A8C00C31,UB3 4AQ,26,OAKINGTON AVENUE,T,2025-04-29,475000,,,,
4E75C29C-C765-8922-E063-4804A8C094D0,UB3 4BQ,VANTAGE BUILDING,STATION APPROACH,F,2025-04-30,200000,,,,
36A61A95-5529-DEF2-E063-4704A8C046AE,UB3 1ND,64,DAWLEY ROAD,S,2025-04-30,600000,,,,
4777E0AE-4A38-5D59-E063-4804A8C09F8E,UB3 1FP,7,GRAMOPHONE LANE,F,2025-04-30,300000,,,,
38EDC0C3-21B4-0F63-E063-4704A8C00424,UB3 4PJ,32,WYRE GROVE,S,2025-04-30,625000,,,,
49E87C32-B63D-591C-E063-4704A8C00C31,UB3 1QW,66,BOURNE AVENUE,T,2025-05-01,516000,,,,
38EDC0C2-9656-0F63-E063-4704A8C00424,UB3 5LA,18,HEATH CLOSE,F,2025-05-02,308000,,,,
36A61A94-C8E2-DEF2-E063-4704A8C046AE,UB3 4RB,1,CARFAX ROAD,S,2025-05-06,850000,,,,
49E87C32-E4CB-591C-E063-4704A8C00C31,UB3 3PD,111,BIRCHWAY,S,2025-05-07,492000,,,,
36A61A94-3C55-DEF2-E063-4704A8C046AE,UB3 1SW,62,NINE ACRES CLOSE,S,2025-05-07,485000,,,,
3B5CE841-FDCA-EE3A-E063-4804A8C0D6F1,UB3 1PT,1,CARNARVON DRIVE,S,2025-05-08,710000,,,,
42C129E4-26B6-60A9-E063-4804A8C0C25D,UB3 4FA,VANTAGE BUILDING,STATION APPROACH,F,2025-05-09,320000,,,,
50D10B84-37E0-B8D0-E063-4704A8C08D98,UB3 4EJ,2,CROYDE AVENUE,S,2025-05-09,628000,,,,
4E75C29D-787F-8922-E063-4804A8C094D0,UB3 3PU,15,BOURTON CLOSE,F,2025-05-12,240000,,,,
4C1B673F-DD08-D8EA-E063-4704A8C0BF7D,UB3 2BH,81,EVERGREEN WAY,F,2025-05-16,250000,,,,
4C1B673E-CD65-D8EA-E063-4704A8C0BF7D,UB3 2AE,62,BOTWELL LANE,T,2025-05-16,500000,,,,
4C1B673F-6588-D8EA-E063-4704A8C0BF7D,UB3 3BT,4,LITTLE ROAD,T,2025-05-19,590000,,,,
38EDC0C2-9403-0F63-E063-4704A8C00424,UB3 1PP,TENBY HOUSE,BOURNE AVENUE,F,2025-05-20,260000,,,,
42C129E5-9121-60A9-E063-4804A8C0C25D,UB3 1PL,12,SKIPTON DRIVE,S,2025-05-22,485000,,,,
50D10B83-B5C8-B8D0-E063-4704A8C08D98,UB3 5LY,159,WEST END LANE,S,2025-05-23,480000,,,,
4C1B6740-07BC-D8EA-E063-4704A8C0BF7D,UB3 2BZ,76,CENTRAL AVENUE,T,2025-05-23,520000,,,,
38EDC0C3-21CA-0F63-E063-4704A8C00424,UB3 2AU,21,MORAY AVENUE,S,2025-05-28,545000,,,,
4E75C29C-CC21-8922-E063-4804A8C094D0,UB3 5NB,54,THE CRESCENT,F,2025-05-29,281000,,,,
4E75C29E-2D33-8922-E063-4804A8C094D0,UB3 5EH,10,SIPSON LANE,S,2025-05-30,525000,,,,
42C129E4-D9E7-60A9-E063-4804A8C0C25D,UB3 4JW,34,CROWLAND AVENUE,S,2025-05-30,500000,,,,
44F406B6-A853-1095-E063-4704A8C048D4,UB3 1TN,26,MILDRED AVENUE,T,2025-05-30,585000,,,,
44F406B6-A80B-1095-E063-4704A8C048D4,UB3 4QP,12,GORDON CRESCENT,S,2025-05-30,540000,,,,
42C129E4-277F-60A9-E063-4804A8C0C25D,UB3 2BH,87,EVERGREEN WAY,F,2025-05-30,270000,,,,
38EDC0C3-208B-0F63-E063-4704A8C00424,UB3 2AJ,218,BOTWELL LANE,T,2025-06-03,500000,,,,
38EDC0C2-9898-0F63-E063-4704A8C00424,UB3 4QJ,14,BLACK ROD CLOSE,T,2025-06-03,499950,,,,
42C129E4-DB44-60A9-E063-4804A8C0C25D,UB3 1SH,117,NIELD ROAD,S,2025-06-04,556000,,,,
4777E0AE-4A71-5D59-E063-4804A8C09F8E,UB3 4GN,"ROBUSTA COURT, 57",FARINE AVENUE,F,2025-06-06,430125,,,,
50D10B83-B4DE-B8D0-E063-4704A8C08D98,UB3 4SN,"CATURRA COURT, 48",CRANTON AVENUE,F,2025-06-06,455385,,,,
4E75C29E-2C9A-8922-E063-4804A8C094D0,UB3 4RD,58,CARFAX ROAD,T,2025-06-06,440000,,,,
3B5CE842-9E0D-EE3A-E063-4804A8C0D6F1,UB3 5DP,186,HIGH STREET,T,2025-06-10,400000,,,,
3DCCB7CA-A433-5B9D-E063-4704A8C0331E,UB3 2FF,"CONSTANTINE HOUSE, 1",VARCOE GARDENS,F,2025-06-11,190000,,,,
38EDC0C3-921F-0F63-E063-4704A8C00424,UB3 2JL,37,RECTORY ROAD,T,2025-06-12,560500,,,,
50D10B83-B4DB-B8D0-E063-4704A8C08D98,UB3 4GN,"ROBUSTA COURT, 57",FARINE AVENUE,F,2025-06-13,372400,,,,
49E87C31-8873-591C-E063-4704A8C00C31,UB3 4GN,"ROBUSTA COURT, 57",FARINE AVENUE,F,2025-06-13,585000,,,,
4E75C29E-2CCF-8922-E063-4804A8C094D0,UB3 5DW,136,HIGH STREET,S,2025-06-13,539950,,,,
4777E0AE-4A65-5D59-E063-4804A8C09F8E,UB3 4GN,"ROBUSTA COURT, 57",FARINE AVENUE,F,2025-06-13,457240,,,,
42C129E4-2A71-60A9-E063-4804A8C0C25D,UB3 2PJ,30,ST JEROMES GROVE,F,2025-06-13,300000,,,,
38EDC0C2-965B-0F63-E063-4704A8C00424,UB3 5NL,11,RAYWOOD CLOSE,F,2025-06-13,190000,,,,
42C129E4-D97A-60A9-E063-4804A8C0C25D,UB3 1NQ,46,PINKWELL AVENUE,S,2025-06-18,662500,,,,
4777E0AE-F598-5D59-E063-4804A8C09F8E,UB3 4NQ,128,NORTH HYDE ROAD,S,2025-06-18,540000,,,,
4E75C29C-CBEB-8922-E063-4804A8C094D0,UB3 4GN,"ROBUSTA COURT, 57",FARINE AVENUE,F,2025-06-20,335000,,,,
4E75C29C-C81E-8922-E063-4804A8C094D0,UB3 4JT,70,CORONATION ROAD,S,2025-06-20,552000,,,,
3B5CE842-02F4-EE3A-E063-4804A8C0D6F1,UB3 1JJ,19,LIME GROVE,T,2025-06-20,450000,,,,
3B5CE841-600E-EE3A-E063-4804A8C0D6F1,UB3 2FF,"OSTIA LODGE, 2",VARCOE GARDENS,F,2025-06-20,322000,,,,
49E87C31-8876-591C-E063-4704A8C00C31,UB3 4GL,"ARUSHA COURT, 49",FARINE AVENUE,F,2025-06-23,470000,,,,
3B5CE842-9E68-EE3A-E063-4804A8C0D6F1,UB3 2BP,103,CENTRAL AVENUE,T,2025-06-23,605000,,,,
4E75C29E-2D06-8922-E063-4804A8C094D0,UB3 2RT,10,ELMLEA DRIVE,T,2025-06-24,480000,,,,
44F406B6-11C9-1095-E063-4704A8C048D4,UB3 2FY,22,MONARCH DRIVE,S,2025-06-24,550000,,,,
49E87C31-8892-591C-E063-4704A8C00C31,UB3 4GL,"ARUSHA COURT, 49",FARINE AVENUE,F,2025-06-25,420360,,,,
50D10B83-B51E-B8D0-E063-4704A8C08D98,UB3 4SN,"CATURRA COURT, 48",CRANTON AVENUE,F,2025-06-26,300840,,,,
3B5CE842-0303-EE3A-E063-4804A8C0D6F1,UB3 1JB,60,BOTWELL COMMON ROAD,S,2025-06-27,550000,,,,
4E75C29D-734C-8922-E063-4804A8C094D0,UB3 5JA,6,MALVERN ROAD,S,2025-06-27,410000,,,,
3DCCB7C9-92CD-5B9D-E063-4704A8C0331E,UB3 1QY,28,WINDSOR GARDENS,T,2025-06-30,500000,,,,
3B5CE842-9D63-EE3A-E063-4804A8C0D6F1,UB3 5LY,100,WEST END LANE,S,2025-06-30,540000,,,,
3B5CE842-032B-EE3A-E063-4804A8C0D6F1,UB3 2UT,16,WILLENHALL DRIVE,T,2025-06-30,540000,,,,
4E75C29D-FA84-8922-E063-4804A8C094D0,UB3 2AR,333,BOTWELL LANE,F,2025-06-30,275000,,,,
3B5CE842-9E40-EE3A-E063-4804A8C0D6F1,UB3 1RB,35,BURNHAM GARDENS,T,2025-07-01,425000,,,,
50D10B84-C7A6-B8D0-E063-4704A8C08D98,UB3 2QJ,23,CRANMER ROAD,T,2025-07-01,565000,,,,
50D10B84-C7BA-B8D0-E063-4704A8C08D98,UB3 1TE,130,WALTHAM AVENUE,T,2025-07-04,530000,,,,
3B5CE842-9D39-EE3A-E063-4804A8C0D6F1,UB3 2QB,19,TUDOR ROAD,T,2025-07-04,425000,,,,
4777E0AE-4AEC-5D59-E063-4804A8C09F8E,UB3 2RU,22,GRANGE CLOSE,S,2025-07-07,550000,,,,
42C129E5-8F7D-60A9-E063-4804A8C0C25D,UB3 2AX,48,MORAY AVENUE,S,2025-07-07,750000,,,,
3B5CE842-02DE-EE3A-E063-4804A8C0D6F1,UB3 4ED,61,BEDWELL GARDENS,T,2025-07-08,465000,,,,
3B5CE841-6079-EE3A-E063-4804A8C0D6F1,UB3 5HD,"OAKLANDS COURT, 360",CRANFORD LANE,F,2025-07-08,345000,,,,
4777E0AE-F5C9-5D59-E063-4804A8C09F8E,UB3 2TJ,35,HANOVER CIRCLE,S,2025-07-09,500000,,,,
4E75C29D-FAA0-8922-E063-4804A8C094D0,UB3 2EY,4,WEST AVENUE,T,2025-07-10,400000,,,,
4777E0AE-F187-5D59-E063-4804A8C09F8E,UB3 5AL,92,BATH ROAD,S,2025-07-18,510000,,,,
3B5CE842-0269-EE3A-E063-4804A8C0D6F1,UB3 1RE,32,CLEVEDON GARDENS,T,2025-07-18,500000,,,,
50D10B84-C7D9-B8D0-E063-4704A8C08D98,UB3 4NW,63,NORTH HYDE ROAD,T,2025-07-18,400000,,,,
50D10B84-C7E6-B8D0-E063-4704A8C08D98,UB3 4NW,61,NORTH HYDE ROAD,T,2025-07-18,500000,,,,
50D10B84-C780-B8D0-E063-4704A8C08D98,UB3 2QJ,51,CRANMER ROAD,D,2025-07-21,540000,,,,
3DCCB7CA-2CC6-5B9D-E063-4704A8C0331E,UB3 2QH,3,CRANMER ROAD,T,2025-07-23,425000,,,,
402A3A66-CE7F-A7DF-E063-4804A8C0B80D,UB3 1NJ,12,WOODHOUSE CLOSE,T,2025-07-25,430000,,,,
4E75C29C-CC06-8922-E063-4804A8C094D0,UB3 4GL,"ARUSHA COURT, 49",FARINE AVENUE,F,2025-07-25,415000,,,,
50D10B84-A442-B8D0-E063-4704A8C08D98,UB3 3PZ,115,AVONDALE DRIVE,T,2025-07-25,420000,,,,
4777E0AE-4657-5D59-E063-4804A8C09F8E,UB3 5DH,377,HIGH STREET,F,2025-07-28,332500,,,,
3DCCB7CA-2D37-5B9D-E063-4704A8C0331E,UB3 4AN,268,STATION ROAD,T,2025-07-28,273600,,,,
3B5CE842-02FA-EE3A-E063-4804A8C0D6F1,UB3 3JJ,26,EAST WALK,S,2025-07-29,445000,,,,
49E87C32-3495-591C-E063-4704A8C00C31,UB3 3JH,18,WEST WALK,S,2025-07-31,549950,,,,
3DCCB7CA-3112-5B9D-E063-4704A8C0331E,UB3 2LY,3,CHURCH GREEN,T,2025-07-31,495000,,,,
3DCCB7CA-3157-5B9D-E063-4704A8C0331E,UB3 1JF,20,CHESTNUT CLOSE,S,2025-08-01,475000,,,,
3DCCB7CA-C559-5B9D-E063-4704A8C0331E,UB3 1JB,62,BOTWELL COMMON ROAD,T,2025-08-01,410000,,,,
402A3A66-21AA-A7DF-E063-4804A8C0B80D,UB3 3AJ,61,STIRLING ROAD,S,2025-08-04,735000,,,,
3DCCB7CA-C428-5B9D-E063-4704A8C0331E,UB3 5HP,6,CRANESWATER,S,2025-08-05,570000,,,,
402A3A66-ABC3-A7DF-E063-4804A8C0B80D,UB3 2QQ,15,NORTH ROAD,S,2025-08-05,390000,,,,
42C129E4-DA95-60A9-E063-4804A8C0C25D,UB3 4QB,54,NESTLES AVENUE,F,2025-08-06,160000,,,,
3DCCB7CA-2C35-5B9D-E063-4704A8C0331E,UB3 1QS,151,BOURNE AVENUE,S,2025-08-08,220000,,,,
402A3A66-25AC-A7DF-E063-4804A8C0B80D,UB3 5HA,38,CRANFORD LANE,T,2025-08-14,483000,,,,
50D10B84-C789-B8D0-E063-4704A8C08D98,UB3 2QD,52,TUDOR ROAD,T,2025-08-14,470000,,,,
4777E0AE-47AB-5D59-E063-4804A8C09F8E,UB3 5LZ,11,GILPIN WAY,F,2025-08-14,320000,,,,
3DCCB7CA-C500-5B9D-E063-4704A8C0331E,UB3 2LQ,281,CHURCH ROAD,S,2025-08-14,520000,,,,
3DCCB7CA-307A-5B9D-E063-4704A8C0331E,UB3 2QU,1,WAYLANDS,T,2025-08-15,400000,,,,
402A3A66-210E-A7DF-E063-4804A8C0B80D,UB3 1QB,56,GLAMIS CRESCENT,S,2025-08-21,535000,,,,
44F406B6-A7FD-1095-E063-4704A8C048D4,UB3 4QZ,123,ROSEVILLE ROAD,S,2025-08-21,539500,,,,
4C1B673E-CE0F-D8EA-E063-4704A8C0BF7D,UB3 2PW,12,VICTORIA CLOSE,D,2025-08-22,520000,,,,
49E87C31-86AC-591C-E063-4704A8C00C31,UB3 4NA,ASA COURT,OLD STATION ROAD,F,2025-08-27,293000,,,,
49E87C31-8577-591C-E063-4704A8C00C31,UB3 4FQ,"TRIDENT HOUSE, 76",STATION ROAD,F,2025-08-28,149000,,,,
402A3A65-732E-A7DF-E063-4804A8C0B80D,UB3 5BH,118,BOLTONS LANE,F,2025-08-29,218000,,,,
42C129E5-8FDF-60A9-E063-4804A8C0C25D,UB3 4QA,10,NESTLES AVENUE,F,2025-08-29,118000,,,,
402A3A65-74DF-A7DF-E063-4804A8C0B80D,UB3 5BS,57,BOLTONS LANE,S,2025-08-29,305000,,,,
42C129E4-D975-60A9-E063-4804A8C0C25D,UB3 1NS,14,SEATON ROAD,S,2025-08-29,563000,,,,
402A3A65-75C6-A7DF-E063-4804A8C0B80D,UB3 5DZ,4,KILN CLOSE,T,2025-09-01,295000,,,,
49E87C31-8663-591C-E063-4704A8C00C31,UB3 2NF,2,FULWOOD CLOSE,S,2025-09-01,330000,,,,
49E87C31-8660-591C-E063-4704A8C00C31,UB3 2SR,6,LEVEN WAY,S,2025-09-01,400000,,,,
4C1B673E-CC9B-D8EA-E063-4704A8C0BF7D,UB3 5LU,56,WEST END LANE,F,2025-09-04,310000,,,,
50D10B84-A4AD-B8D0-E063-4704A8C08D98,UB3 3PJ,8,ABBEY CLOSE,F,2025-09-05,175000,,,,
42C129E4-DAA4-60A9-E063-4804A8C0C25D,UB3 4AF,23,REPTON AVENUE,T,2025-09-05,452000,,,,
402A3A65-7484-A7DF-E063-4804A8C0B80D,UB3 1PZ,3,PEMBROKE WAY,S,2025-09-08,450000,,,,
402A3A66-2292-A7DF-E063-4804A8C0B80D,UB3 5DJ,443,HIGH STREET,T,2025-09-09,480000,,,,
49E87C31-839E-591C-E063-4704A8C00C31,UB3 4EY,145,WOOLACOMBE WAY,T,2025-09-10,420000,,,,
42C129E4-26EF-60A9-E063-4804A8C0C25D,UB3 4FD,CARDINAL BUILDING,STATION APPROACH,F,2025-09-11,215000,,,,
42C129E4-D9F7-60A9-E063-4804A8C0C25D,UB3 4EB,13,BEDWELL GARDENS,T,2025-09-12,535000,,,,
42C129E4-DA46-60A9-E063-4804A8C0C25D,UB3 4PB,47,HYDE WAY,S,2025-09-12,537500,,,,
49E87C32-340A-591C-E063-4704A8C00C31,UB3 1NT,23,SEATON ROAD,S,2025-09-15,510000,,,,
49E87C32-34D5-591C-E063-4704A8C00C31,UB3 3PY,35,GADE CLOSE,T,2025-09-16,295500,,,,
402A3A65-73F3-A7DF-E063-4804A8C0B80D,UB3 2FX,29,FREMANTLE WAY,S,2025-09-16,518000,,,,
402A3A66-22AF-A7DF-E063-4804A8C0B80D,UB3 1NR,165,WENTWORTH CRESCENT,T,2025-09-17,528000,,,,
49E87C32-B65A-591C-E063-4704A8C00C31,UB3 1RP,225,BOURNE AVENUE,F,2025-09-17,146500,,,,
4E75C29D-FA7B-8922-E063-4804A8C094D0,UB3 1RP,225,BOURNE AVENUE,F,2025-09-17,156000,,,,
402A3A65-73D8-A7DF-E063-4804A8C0B80D,UB3 2FF,"FINNEGAN LODGE, 39",VARCOE GARDENS,F,2025-09-18,96000,,,,
4C1B6740-0632-D8EA-E063-4704A8C0BF7D,UB3 3EW,12A,COLDHARBOUR LANE,F,2025-09-18,225000,,,,
4C1B673E-CC3F-D8EA-E063-4704A8C0BF7D,UB3 3JB,43,FAIRDALE GARDENS,T,2025-09-19,573000,,,,
42C129E4-DE81-60A9-E063-4804A8C0C25D,UB3 1QN,52,BOURNE AVENUE,T,2025-09-19,458000,,,,
42C129E4-D976-60A9-E063-4804A8C0C25D,UB3 1NR,108,WENTWORTH CRESCENT,S,2025-09-25,555000,,,,
42C129E4-2893-60A9-E063-4804A8C0C25D,UB3 2DS,9,POPLAR PLACE,S,2025-09-26,525000,,,,
50D10B84-C7F8-B8D0-E063-4704A8C08D98,UB3 2PU,141,CROMWELL ROAD,S,2025-09-26,485000,,,,
402A3A66-2150-A7DF-E063-4804A8C0B80D,UB3 4NG,98,NORTH HYDE ROAD,D,2025-09-26,760000,,,,
4C1B6740-065B-D8EA-E063-4704A8C0BF7D,UB3 1ND,64,DAWLEY ROAD,S,2025-09-26,530000,,,,
49E87C32-B7CA-591C-E063-4704A8C00C31,UB3 1PJ,69,PINKWELL LANE,T,2025-09-26,750000,,,,
4C1B6740-07BB-D8EA-E063-4704A8C0BF7D,UB3 3JW,50,MINET DRIVE,S,2025-09-26,500000,,,,
42C129E4-275B-60A9-E063-4804A8C0C25D,UB3 5BD,16,NEW ROAD,S,2025-09-29,455000,,,,
402A3A65-7569-A7DF-E063-4804A8C0B80D,UB3 4JJ,76,MONMOUTH ROAD,S,2025-09-29,600000,,,,
4E75C29E-2EC1-8922-E063-4804A8C094D0,UB3 2UT,9,WILLENHALL DRIVE,T,2025-09-29,380000,,,,
44F406B7-20B0-1095-E063-4704A8C048D4,UB3 4FS,"LAURINA APARTMENTS, 10",CARNATION GARDENS,F,2025-09-30,420000,,,,
42C129E5-9100-60A9-E063-4804A8C0C25D,UB3 3LH,20,MOUNT ROAD,S,2025-09-30,570000,,,,
4C1B673E-CB69-D8EA-E063-4704A8C0BF7D,UB3 2TY,68A,KINGSWAY,T,2025-10-01,500000,,,,
42C129E4-DE74-60A9-E063-4804A8C0C25D,UB3 4QJ,7,BLACK ROD CLOSE,S,2025-10-03,500000,,,,
42C129E5-9025-60A9-E063-4804A8C0C25D,UB3 4NN,49,NORTH HYDE ROAD,S,2025-10-03,650000,,,,
44F406B6-A88C-1095-E063-4704A8C048D4,UB3 1SD,51,ST ANSELMS ROAD,T,2025-10-07,540000,,,,
42C129E5-9164-60A9-E063-4804A8C0C25D,UB3 1JF,22,CHESTNUT CLOSE,S,2025-10-07,460000,,,,
44F406B6-A847-1095-E063-4704A8C048D4,UB3 1NR,112,WENTWORTH CRESCENT,S,2025-10-08,530000,,,,
44F406B6-A970-1095-E063-4704A8C048D4,UB3 1QZ,15,MARLOW GARDENS,T,2025-10-10,515000,,,,
4C1B673E-CB82-D8EA-E063-4704A8C0BF7D,UB3 2AZ,44,COMPTON ROAD,F,2025-10-10,297000,,,,
49E87C31-846B-591C-E063-4704A8C00C31,UB3 4FE,CARDINAL BUILDING,STATION APPROACH,F,2025-10-13,211000,,,,
42C129E4-DF1C-60A9-E063-4804A8C0C25D,UB3 1LD,23,PRINCES PARK AVENUE,T,2025-10-13,760000,,,,
44F406B6-A8B5-1095-E063-4704A8C048D4,UB3 5LY,163,WEST END LANE,T,2025-10-14,581000,,,,
44F406B6-A845-1095-E063-4704A8C048D4,UB3 1PT,3,CARNARVON DRIVE,S,2025-10-15,580000,,,,
44F406B6-AE14-1095-E063-4704A8C048D4,UB3 2AQ,157,BOTWELL LANE,S,2025-10-15,615000,,,,
42C129E4-26F6-60A9-E063-4804A8C0C25D,UB3 2FH,"AQUA HOUSE, 46",VARCOE GARDENS,F,2025-10-15,320000,,,,
49E87C32-B684-591C-E063-4704A8C00C31,UB3 2PU,140,CROMWELL ROAD,S,2025-10-19,517000,,,,
49E87C31-845A-591C-E063-4704A8C00C31,UB3 4FE,CARDINAL BUILDING,STATION APPROACH,F,2025-10-20,225000,,,,
50D10B84-3819-B8D0-E063-4704A8C08D98,UB3 1TW,36,MILDRED AVENUE,S,2025-10-21,481000,,,,
50D10B84-38EE-B8D0-E063-4704A8C08D98,UB3 1QP,92,BOURNE AVENUE,T,2025-10-24,545000,,,,
44F406B7-4327-1095-E063-4704A8C048D4,UB3 2QX,6,ANGEL LANE,T,2025-10-24,400000,,,,
50D10B83-B269-B8D0-E063-4704A8C08D98,UB3 1QL,8,BOURNE AVENUE,T,2025-10-24,500000,,,,
4777E0AF-77A1-5D59-E063-4804A8C09F8E,UB3 1JL,35,LIME GROVE,S,2025-10-27,275000,,,,
44F406B7-431B-1095-E063-4704A8C048D4,UB3 2QZ,35,ANGEL LANE,T,2025-10-30,393000,,,,
44F406B6-A943-1095-E063-4704A8C048D4,UB3 1LB,14,PRINCES PARK CLOSE,T,2025-10-30,520000,,,,
44F406B6-1150-1095-E063-4704A8C048D4,UB3 4NY,7,FAIREY AVENUE,F,2025-10-30,340000,,,,
50D10B84-A49F-B8D0-E063-4704A8C08D98,UB3 1QE,5,DENBIGH DRIVE,S,2025-10-31,515000,,,,
44F406B6-ACF4-1095-E063-4704A8C048D4,UB3 5LD,26,TASKER CLOSE,F,2025-11-03,145000,,,,
4C1B673F-6927-D8EA-E063-4704A8C0BF7D,UB3 4HA,69,CLEAVE AVENUE,T,2025-11-04,400000,,,,
4E75C29C-C98C-8922-E063-4804A8C094D0,UB3 2BE,77,BOTWELL CRESCENT,F,2025-11-04,320000,,,,
50D10B84-C7D0-B8D0-E063-4704A8C08D98,UB3 4QA,10,NESTLES AVENUE,F,2025-11-07,131000,,,,
44F406B6-A8E0-1095-E063-4704A8C048D4,UB3 4AQ,32,OAKINGTON AVENUE,T,2025-11-07,385000,,,,
44F406B6-1244-1095-E063-4704A8C048D4,UB3 3PQ,100,ABBOTSWOOD WAY,F,2025-11-10,200000,,,,
50D10B84-3DD5-B8D0-E063-4704A8C08D98,UB3 4AR,28,CLEMENT GARDENS,S,2025-11-10,500000,,,,
44F406B6-11C3-1095-E063-4704A8C048D4,UB3 2FJ,91,VARCOE GARDENS,T,2025-11-12,535000,,,,
44F406B6-A850-1095-E063-4704A8C048D4,UB3 1NL,18,WENTWORTH CRESCENT,S,2025-11-14,552000,,,,
4C1B673E-CE75-D8EA-E063-4704A8C0BF7D,UB3 2TU,73,KINGSWAY,S,2025-11-14,535000,,,,
4E75C29C-C6D1-8922-E063-4804A8C094D0,UB3 2EL,14,TOWNFIELD ROAD,T,2025-11-17,745000,,,,
44F406B7-4335-1095-E063-4704A8C048D4,UB3 4JX,20A,LABURNUM ROAD,S,2025-11-20,292000,,,,
4777E0AF-998B-5D59-E063-4804A8C09F8E,UB3 2QB,37,TUDOR ROAD,T,2025-11-21,430000,,,,
4777E0AF-99B3-5D59-E063-4804A8C09F8E,UB3 2NL,9,BELL HOUSE COTTAGES,T,2025-11-21,390000,,,,
49E87C32-E2D8-591C-E063-4704A8C00C31,UB3 4HP,73,KEITH ROAD,S,2025-11-24,570000,,,,
4C1B673F-65FC-D8EA-E063-4704A8C0BF7D,UB3 5EN,75,HUDSON ROAD,T,2025-11-24,555000,,,,
4777E0AF-9971-5D59-E063-4804A8C09F8E,UB3 2PR,61,CROMWELL ROAD,T,2025-11-26,448000,,,,
4777E0AE-4610-5D59-E063-4804A8C09F8E,UB3 2DD,33,REID CLOSE,F,2025-11-27,320000,,,,
4777E0AE-F53D-5D59-E063-4804A8C09F8E,UB3 4HA,53,CLEAVE AVENUE,T,2025-11-28,425000,,,,
49E87C31-8409-591C-E063-4704A8C00C31,UB3 1LX,91,DAWLEY ROAD,F,2025-11-28,340000,,,,
50D10B84-C8FA-B8D0-E063-4704A8C08D98,UB3 2NY,23,JUDGE HEATH LANE,T,2025-11-28,485000,,,,
4777E0AE-F23E-5D59-E063-4804A8C09F8E,UB3 5ND,2,FIELD CLOSE,S,2025-11-28,473000,,,,
49E87C32-333E-591C-E063-4704A8C00C31,UB3 2BN,21,CENTRAL AVENUE,S,2025-12-01,585000,,,,
4777E0AE-F69A-5D59-E063-4804A8C09F8E,UB3 3JN,29,MINET DRIVE,S,2025-12-02,540000,,,,
4777E0AE-F106-5D59-E063-4804A8C09F8E,UB3 4EZ,15,CLEAVE AVENUE,T,2025-12-02,645000,,,,
4777E0AE-4959-5D59-E063-4804A8C09F8E,UB3 3PJ,14,ABBEY CLOSE,F,2025-12-04,190000,,,,
49E87C32-2F8A-591C-E063-4704A8C00C31,UB3 2AY,7,COMPTON ROAD,S,2025-12-05,587000,,,,
4777E0AE-47F8-5D59-E063-4804A8C09F8E,UB3 2BE,38,BOTWELL CRESCENT,F,2025-12-15,322000,,,,
49E87C32-B7F8-591C-E063-4704A8C00C31,UB3 4GN,"ROBUSTA COURT, 57",FARINE AVENUE,F,2025-12-16,372822,,,,
49E87C32-B7F0-591C-E063-4704A8C00C31,UB3 4GL,"ARUSHA COURT, 49",FARINE AVENUE,F,2025-12-16,424330,,,,
49E87C32-B7F1-591C-E063-4704A8C00C31,UB3 4GL,"ARUSHA COURT, 49",FARINE AVENUE,F,2025-12-16,291063,,,,
49E87C32-B7FB-591C-E063-4704A8C00C31,UB3 4SN,"CATURRA COURT, 48",CRANTON AVENUE,F,2025-12-16,380180,,,,
49E87C32-B7EC-591C-E063-4704A8C00C31,UB3 4GL,"ARUSHA COURT, 49",FARINE AVENUE,F,2025-12-16,286157,,,,
49E87C32-B7FA-591C-E063-4704A8C00C31,UB3 4GN,"ROBUSTA COURT, 57",FARINE AVENUE,F,2025-12-16,388356,,,,
49E87C32-B7F6-591C-E063-4704A8C00C31,UB3 4SN,"CATURRA COURT, 48",CRANTON AVENUE,F,2025-12-16,283705,,,,
49E87C32-B7F7-591C-E063-4704A8C00C31,UB3 4GN,"ROBUSTA COURT, 57",FARINE AVENUE,F,2025-12-16,309867,,,,
49E87C32-B7F3-591C-E063-4704A8C00C31,UB3 4GL,"ARUSHA COURT, 49",FARINE AVENUE,F,2025-12-16,416974,,,,
49E87C32-B7F9-591C-E063-4704A8C00C31,UB3 4GN,"ROBUSTA COURT, 57",FARINE AVENUE,F,2025-12-16,466028,,,,
49E87C32-B7EE-591C-E063-4704A8C00C31,UB3 4GL,"ARUSHA COURT, 49",FARINE AVENUE,F,2025-12-16,286157,,,,
4C1B673E-CD1B-D8EA-E063-4704A8C0BF7D,UB3 5LD,29,TASKER CLOSE,F,2025-12-16,180000,,,,
49E87C32-B7FC-591C-E063-4704A8C00C31,UB3 4GL,"ARUSHA COURT, 49",FARINE AVENUE,F,2025-12-16,417790,,,,
49E87C32-B7F5-591C-E063-4704A8C00C31,UB3 4GL,"ARUSHA COURT, 49",FARINE AVENUE,F,2025-12-16,482379,,,,
4777E0AF-999B-5D59-E063-4804A8C09F8E,UB3 4AN,246,STATION ROAD,S,2025-12-17,625000,,,,
49E87C32-B668-591C-E063-4704A8C00C31,UB3 5HD,"OAKLANDS COURT, 360",CRANFORD LANE,F,2025-12-18,250000,,,,
49E87C32-B669-591C-E063-4704A8C00C31,UB3 5HD,"OAKLANDS COURT, 360",CRANFORD LANE,F,2025-12-18,250000,,,,
49E87C32-B66A-591C-E063-4704A8C00C31,UB3 5HD,"OAKLANDS COURT, 360",CRANFORD LANE,F,2025-12-18,250000,,,,
49E87C31-8486-591C-E063-4704A8C00C31,UB3 2FT,"SOPWITH HOUSE, 10",ALBACORE WAY,F,2025-12-18,270000,,,,
4777E0AE-4627-5D59-E063-4804A8C09F8E,UB3 5EL,10,HUDSON ROAD,F,2025-12-19,282000,,,,
4777E0AE-F13E-5D59-E063-4804A8C09F8E,UB3 4NR,111,NORTH HYDE ROAD,S,2025-12-19,498000,,,,
4C1B6740-07B8-D8EA-E063-4704A8C0BF7D,UB3 3PD,98,BIRCHWAY,S,2026-01-08,455000,,,,
49E87C32-3340-591C-E063-4704A8C00C31,UB3 2AN,193,BOTWELL LANE,S,2026-01-09,700000,,,,
4C1B673F-65A8-D8EA-E063-4704A8C0BF7D,UB3 5HR,9,ETON ROAD,T,2026-01-09,440000,,,,
4C1B673F-DCD5-D8EA-E063-4704A8C0BF7D,UB3 4BQ,VANTAGE BUILDING,STATION APPROACH,F,2026-01-15,280000,,,,
4E75C29E-2E92-8922-E063-4804A8C094D0,UB3 2JE,21,NORTH AVENUE,T,2026-01-16,390000,,,,
4C1B673F-69A9-D8EA-E063-4704A8C0BF7D,UB3 2SS,54,LEVEN WAY,T,2026-01-16,585000,,,,
4C1B673F-DC9B-D8EA-E063-4704A8C0BF7D,UB3 2BB,11,PARK SIDE,F,2026-01-19,178000,,,,
49E87C32-2ED9-591C-E063-4704A8C00C31,UB3 4EF,28,BEDWELL GARDENS,S,2026-01-19,590000,,,,
49E87C32-E48B-591C-E063-4704A8C00C31,UB3 5DS,240,HIGH STREET,F,2026-01-20,425000,,,,
49E87C32-308A-591C-E063-4704A8C00C31,UB3 2NB,16,ACACIA AVENUE,S,2026-01-22,620000,,,,
4E75C29D-7849-8922-E063-4804A8C094D0,UB3 3LB,1,HALSEND,S,2026-01-23,520000,,,,
49E87C32-2F13-591C-E063-4704A8C00C31,UB3 1JZ,4,PRINCES PARK CIRCLE,T,2026-01-23,500000,,,,
4C1B673F-68FC-D8EA-E063-4704A8C0BF7D,UB3 5LP,63,PENNINE WAY,S,2026-01-28,420000,,,,
4C1B673E-CC5C-D8EA-E063-4704A8C0BF7D,UB3 2UJ,18,BARRA WOOD CLOSE,T,2026-01-28,465000,,,,
4E75C29D-FA5D-8922-E063-4804A8C094D0,UB3 2AE,24,BOTWELL LANE,T,2026-01-30,505000,,,,
4E75C29D-788E-8922-E063-4804A8C094D0,UB3 5DP,176,HIGH STREET,D,2026-01-30,625000,,,,
49E87C32-2F53-591C-E063-4704A8C00C31,UB3 4JS,11,CORONATION ROAD,T,2026-01-30,560000,,,,
4C1B673E-CD8E-D8EA-E063-4704A8C0BF7D,UB3 1DZ,"BOILER HOUSE, 2",MATERIAL WALK,F,2026-02-02,295000,,,,
4C1B6740-07A4-D8EA-E063-4704A8C0BF7D,UB3 1LU,49,DAWLEY ROAD,S,2026-02-03,560000,,,,
4C1B6740-07B9-D8EA-E063-4704A8C0BF7D,UB3 2AF,90,BOTWELL LANE,F,2026-02-09,327000,,,,
4C1B673F-6640-D8EA-E063-4704A8C0BF7D,UB3 4AH,56,OAKINGTON AVENUE,S,2026-02-09,610000,,,,
4C1B673F-6624-D8EA-E063-4704A8C0BF7D,UB3 1SF,30,NIELD ROAD,T,2026-02-09,505000,,,,
4C1B6740-0705-D8EA-E063-4704A8C0BF7D,UB3 4HA,35,CLEAVE AVENUE,T,2026-02-10,395000,,,,
4E75C29D-FAB5-8922-E063-4804A8C094D0,UB3 2QL,16,LANCASTER WALK,S,2026-02-11,580000,,,,
50D10B84-C7AE-B8D0-E063-4704A8C08D98,UB3 4JT,40,CORONATION ROAD,S,2026-02-12,520500,,,,
4E75C29C-C9A2-8922-E063-4804A8C094D0,UB3 4JX,4,LABURNUM ROAD,S,2026-02-16,330000,,,,
4E75C29D-73B6-8922-E063-4804A8C094D0,UB3 4AH,50,OAKINGTON AVENUE,S,2026-02-16,715000,,,,
4E75C29D-7891-8922-E063-4804A8C094D0,UB3 3PD,108,BIRCHWAY,T,2026-02-16,465000,,,,
4C1B673F-DCA7-D8EA-E063-4704A8C0BF7D,UB3 4QJ,6,BLACK ROD CLOSE,S,2026-02-17,535000,,,,
50D10B84-389D-B8D0-E063-4704A8C08D98,UB3 5EW,35,VICTORIA LANE,T,2026-02-18,460000,,,,
4E75C29D-73DB-8922-E063-4804A8C094D0,UB3 4AG,3,RUTLAND ROAD,S,2026-02-20,580000,,,,
4E75C29D-72CF-8922-E063-4804A8C094D0,UB3 4RD,39,CARFAX ROAD,S,2026-02-20,605000,,,,
50D10B84-384F-B8D0-E063-4704A8C08D98,UB3 4AG,6,RUTLAND ROAD,S,2026-02-20,493000,,,,
4E75C29D-7890-8922-E063-4804A8C094D0,UB3 1NW,69,WENTWORTH CRESCENT,S,2026-02-20,540000,,,,
4E75C29E-2E82-8922-E063-4804A8C094D0,UB3 1PH,54,PINKWELL LANE,S,2026-02-20,525000,,,,
4E75C29C-C6C4-8922-E063-4804A8C094D0,UB3 3JU,64,HALSWAY,T,2026-02-20,500000,,,,
4E75C29C-CC05-8922-E063-4804A8C094D0,UB3 2BE,32,BOTWELL CRESCENT,F,2026-02-20,324950,,,,
4E75C29E-2C55-8922-E063-4804A8C094D0,UB3 1QS,141,BOURNE AVENUE,T,2026-02-25,435000,,,,
4E75C29D-FA3B-8922-E063-4804A8C094D0,UB3 4PL,45,GRANVILLE ROAD,S,2026-02-25,470000,,,,
4C1B673F-6629-D8EA-E063-4704A8C0BF7D,UB3 4AH,36,OAKINGTON AVENUE,S,2026-02-25,650000,,,,
4E75C29E-2DD9-8922-E063-4804A8C094D0,UB3 5LP,72,PENNINE WAY,T,2026-02-26,430000,,,,
4E75C29D-77D9-8922-E063-4804A8C094D0,UB3 1JG,28,CHESTNUT CLOSE,S,2026-02-27,530000,,,,
4E75C29D-FB19-8922-E063-4804A8C094D0,UB3 2PN,39,COMMONWEALTH AVENUE,S,2026-02-27,550000,,,,
4E75C29D-7892-8922-E063-4804A8C094D0,UB3 5NH,105,BRENDON CLOSE,F,2026-03-02,96500,,,,
4E75C29D-7885-8922-E063-4804A8C094D0,UB3 5LY,153,WEST END LANE,F,2026-03-06,210000,,,,
4E75C29D-772D-8922-E063-4804A8C094D0,UB3 5EP,"FELBRIDGE COURT, 311",HIGH STREET,F,2026-03-09,174000,,,,
50D10B83-B1EE-B8D0-E063-4704A8C08D98,UB3 5LZ,15,GILPIN WAY,F,2026-03-10,275000,,,,
50D10B83-B265-B8D0-E063-4704A8C08D98,UB3 2FH,"AQUA HOUSE, 46",VARCOE GARDENS,F,2026-03-10,297000,,,,
50D10B84-3900-B8D0-E063-4704A8C08D98,UB3 4AH,25,OAKINGTON AVENUE,S,2026-03-11,605000,,,,
50D10B84-A423-B8D0-E063-4704A8C08D98,UB3 1NJ,5,WOODHOUSE CLOSE,T,2026-03-16,404000,,,,
4E75C29D-783D-8922-E063-4804A8C094D0,UB3 2RB,20,MIDDLETON ROAD,T,2026-03-16,425000,,,,
50D10B84-3925-B8D0-E063-4704A8C08D98,UB3 4QY,67,ROSEVILLE ROAD,S,2026-03-16,517000,,,,
50D10B84-3C5E-B8D0-E063-4704A8C08D98,UB3 4QH,6,SANDOW CRESCENT,F,2026-03-16,293000,,,,
4E75C29D-FA21-8922-E063-4804A8C094D0,UB3 2JF,24,WHEATLEY CRESCENT,T,2026-03-16,460000,,,,
50D10B84-A5CD-B8D0-E063-4704A8C08D98,UB3 1RR,275,BOURNE AVENUE,F,2026-03-19,179000,,,,
50D10B84-A5CC-B8D0-E063-4704A8C08D98,UB3 1RR,275,BOURNE AVENUE,F,2026-03-19,250000,,,,
50D10B84-3C35-B8D0-E063-4704A8C08D98,UB3 3PB,63,BIRCHWAY,S,2026-03-20,430000,,,,
50D10B84-3BEA-B8D0-E063-4704A8C08D98,UB3 5HB,122,CRANFORD LANE,S,2026-03-26,470000,,,,
50D10B84-3B39-B8D0-E063-4704A8C08D98,UB3 4HA,47,CLEAVE AVENUE,T,2026-03-27,370000,,,,
50D10B84-393D-B8D0-E063-4704A8C08D98,UB3 2PN,42,COMMONWEALTH AVENUE,S,2026-03-30,500000,,,,
50D10B83-B315-B8D0-E063-4704A8C08D98,UB3 4FQ,"TRIDENT HOUSE, 76",STATION ROAD,F,2026-03-30,126000,,,,
50D10B84-38CD-B8D0-E063-4704A8C08D98,UB3 4AG,9,RUTLAND ROAD,T,2026-03-30,440000,,,,
50D10B84-3B8F-B8D0-E063-4704A8C08D98,UB3 1QY,2A,WINDSOR GARDENS,T,2026-04-02,327500,,,,
50D10B84-A466-B8D0-E063-4704A8C08D98,UB3 2QG,171,TUDOR ROAD,S,2026-04-02,600000,,,,
50D10B84-3C4C-B8D0-E063-4704A8C08D98,UB3 5NA,5,THE CRESCENT,F,2026-04-07,280000,,,,
50D10B83-B3A0-B8D0-E063-4704A8C08D98,UB3 2AR,315,BOTWELL LANE,F,2026-04-07,320000,,,,
50D10B84-C897-B8D0-E063-4704A8C08D98,UB3 5LP,70,PENNINE WAY,S,2026-04-08,390000,,,,
50D10B84-37E1-B8D0-E063-4704A8C08D98,UB3 4JU,100,CORONATION ROAD,T,2026-04-09,420000,,,,
50D10B84-C90E-B8D0-E063-4704A8C08D98,UB3 5LH,3,MENDIP CLOSE,F,2026-04-10,330000,,,,
50D10B84-38FF-B8D0-E063-4704A8C08D98,UB3 2PU,143,CROMWELL ROAD,D,2026-04-15,520000,,,,
50D10B84-C8FE-B8D0-E063-4704A8C08D98,UB3 2RL,5,CHURCH WALK,S,2026-04-17,430000,,,,
50D10B84-3888-B8D0-E063-4704A8C08D98,UB3 3AB,19,HITHERBROOM ROAD,S,2026-04-17,605000,,,,
